[
    {
        "modulo": "Protecting Resources-OSRs/Log File Restrictions",
        "clave": "WTMP",
        "descripcion": "Invalid Permissions or Ownership for log file: /var/log/wtmp;   -rw-rw-r--.;  owner:  root;   group:  utmp. For more information see rule description.",
        "comprobacion": "## Se le debe quitar W al grupo.",
        "copia": "",
        "editar": "## Quitar permisos:\n\nchmod g-w /var/log/wtmp\n\n##-------------------------------------------------------------------------------\n## Dejar esta linea para REHL 7:\n##-------------------------------------------------------------------------------\n\n## Editar:\nvi /lib/tmpfiles.d/var.conf\n\n## Debe quedar la linea asi:\nf /var/log/wtmp 0644 root utmp -\n\n##-------------------------------------------------------------------------------\n## Dejar esta linea para REHL 6\n##-------------------------------------------------------------------------------\n\n## Editar:\nvi /etc/rc.sysinit\n\n## Dejar la linea asi:\nchmod 0644 /var/run/utmp /var/log/wtmp",
        "refrescar": "",
        "evidencia": "clear\ndate\nhostname\nls -la /var/log/wtmp\ncat /lib/tmpfiles.d/var.conf | grep -w wtmp",
        "SO": "Linux"
    },
    {
        "modulo": "Filesystem Configuration/nodev option set on /tmp partition",
        "clave": "NODEVTMP",
        "descripcion": "Ensure nodev option set on /tmp partition if it exist",
        "comprobacion": "## Si existe una partición de `/tmp`, ejecute el siguiente comando \n## Y verifique que la opción `nodev` esté establecida en `/tmp`\n\n## Puede estar montado como filesystem de disco o filesystem de ram\n\n##-------------------------------------------------------------------------------\n## FS de DISCO\n##-------------------------------------------------------------------------------\n\nmount | grep /tmp\n\n## En /dev/mapper/ de tipo /tmp (rw, nosuid, nodev, noexec, relatime)\n\n##-------------------------------------------------------------------------------\n## FS de RAM\n##-------------------------------------------------------------------------------\n\nmount | grep /tmp\n\n## En tmpfs de tipo /tmp (rw, nosuid, nodev, noexec, relatime)",
        "copia": "## Obtener usuario logueado:\nuser=$(logname)\n\n##-------------------------------------------------------------------------------\n## Backup con HOME en MAYÚSCULAS\n##-------------------------------------------------------------------------------\n\ncp -p /etc/fstab /home/${user^^}/nodevtmp_`date +%d%m%y`\n\n##-------------------------------------------------------------------------------\n## Backup con HOME en minúsculas\n##-------------------------------------------------------------------------------\n\ncp -p /etc/fstab /home/${user,,}/nodevtmp_`date +%d%m%y`\n",
        "editar": "##-------------------------------------------------------------------------------\n## Edite `/etc/fstab` \n## Para añadir `nodev ` a las opciones de montaje de `/tmp:\n##-------------------------------------------------------------------------------\n\nvi /etc/fstab\n\n##-------------------------------------------------------------------------------\n## Debe tener la siguiente linea en:\n##-------------------------------------------------------------------------------\n\n/tmp              ext4    defaults,noexec,nodev,nosuid        1 2\n\n##-------------------------------------------------------------------------------\n## Ejecute el siguiente mandato para volver a montar `/tmp`:\n##-------------------------------------------------------------------------------\n\nmount -o remount,nodev /tmp",
        "refrescar": "mount -o remount,nodev,nosuid,noexec /tmp",
        "evidencia": "clear\ndate\nhostname\nmount | grep /tmp",
        "SO": "Linux"
    },
    {
        "modulo": "Filesystem Configuration/nosuid option set on /tmp partition",
        "clave": "NOSUIDTMP",
        "descripcion": "Ensure nosuid option set on /tmp partition if it exist",
        "comprobacion": "## Si existe una partición de `/tmp`, ejecute el siguiente comando \n## Y verifique que la opción `nosuid` esté establecida en `/tmp`\n\n## Puede estar montado como filesystem de disco o filesystem de ram\n\n##-------------------------------------------------------------------------------\n## FS de DISCO\n##-------------------------------------------------------------------------------\n\nmount | grep /tmp\n\n## En /dev/mapper/ de tipo /tmp (rw, nosuid,nodev,noexec, relatime)\n\n##-------------------------------------------------------------------------------\n## FS de RAM\n##-------------------------------------------------------------------------------\n\nmount | grep /tmp\n\n## En tmpfs de tipo /tmp (rw, nosuid,nodev,noexec, relatime)",
        "copia": "## Obtener usuario logueado:\nuser=$(logname)\n\n##-------------------------------------------------------------------------------\n## Backup con HOME en MAYÚSCULAS\n##-------------------------------------------------------------------------------\n\ncp -p /etc/fstab /home/${user^^}/nosuidtmp_`date +%d%m%y`\n\n##-------------------------------------------------------------------------------\n## Backup con HOME en minúsculas\n##-------------------------------------------------------------------------------\n\ncp -p /etc/fstab /home/${user,,}/nosuidtmp_`date +%d%m%y`\n",
        "editar": "##-------------------------------------------------------------------------------\n## Edite `/etc/fstab` \n## Para añadir `nosuid ` a las opciones de montaje de `/tmp:\n##-------------------------------------------------------------------------------\n\nvi /etc/fstab\n\n##-------------------------------------------------------------------------------\n## Debe tener la siguiente linea en:\n##-------------------------------------------------------------------------------\n\n/tmp              ext4    defaults,noexec,nosuid,nodev        1 2\n\n##-------------------------------------------------------------------------------\n## Ejecute el siguiente mandato para volver a montar `/tmp`:\n##-------------------------------------------------------------------------------\n\nmount -o remount,nosuid /tmp",
        "refrescar": "mount -o remount,nodev,nosuid,noexec /tmp",
        "evidencia": "clear\ndate\nhostname\nmount | grep /tmp",
        "SO": "Linux"
    },
    {
        "modulo": "Filesystem Configuration/noexec option set on /tmp partition",
        "clave": "NOEXECTMP",
        "descripcion": "Ensure noexec option set on /tmp partition if it exist",
        "comprobacion": "## Si existe una partición de `/tmp`, ejecute el siguiente comando \n## Y verifique que la opción `noexec` esté establecida en `/tmp`\n\n## Puede estar montado como filesystem de disco o filesystem de ram\n\n##-------------------------------------------------------------------------------\n## FS de DISCO\n##-------------------------------------------------------------------------------\n\nmount | grep /tmp\n\n## En /dev/mapper/ de tipo /tmp (rw, nosuid,nodev,noexec, relatime)\n\n##-------------------------------------------------------------------------------\n## FS de RAM\n##-------------------------------------------------------------------------------\n\nmount | grep /tmp\n\n## En tmpfs de tipo /tmp (rw, nosuid,nodev,noexec, relatime)",
        "copia": "## Obtener usuario logueado:\nuser=$(logname)\n\n##-------------------------------------------------------------------------------\n## Backup con HOME en MAYÚSCULAS\n##-------------------------------------------------------------------------------\n\ncp -p /etc/fstab /home/${user^^}/noexectmp_`date +%d%m%y`\n\n##-------------------------------------------------------------------------------\n## Backup con HOME en minúsculas\n##-------------------------------------------------------------------------------\n\ncp -p /etc/fstab /home/${user,,}/noexectmp_`date +%d%m%y`\n",
        "editar": "##-------------------------------------------------------------------------------\n## Edite `/etc/fstab` \n## Para añadir `noexec` a las opciones de montaje de `/tmp:\n##-------------------------------------------------------------------------------\n\nvi /etc/fstab\n\n##-------------------------------------------------------------------------------\n## Debe tener la siguiente linea en:\n##-------------------------------------------------------------------------------\n\n/tmp              ext4    defaults,nosuid,nodev,noexec       1 2\n\n##-------------------------------------------------------------------------------\n## Ejecute el siguiente mandato para volver a montar `/tmp`:\n##-------------------------------------------------------------------------------\n\nmount -o remount,noexec /tmp",
        "refrescar": "mount -o remount,nodev,nosuid,noexec /tmp",
        "evidencia": "clear\ndate\nhostname\nmount | grep /tmp",
        "SO": "Linux"
    },
    {
        "modulo": "Filesystem Configuration/nodev option set on /home partition",
        "clave": "NODEVHOME",
        "descripcion": "Ensure nodev option set on /home partition if it exist",
        "comprobacion": "## Si existe una partición de `/home`, ejecute el siguiente comando \n## Y verifique que la opción `nodev` esté establecida en `/home`\n\nmount | grep /home\n\n## En /dev/xvdf1 on /home type ext4 (rw,nodev,relatime,data=ordered)",
        "copia": "## Obtener usuario logueado:\nuser=$(logname)\n\n##-------------------------------------------------------------------------------\n## Backup con HOME en MAYÚSCULAS\n##-------------------------------------------------------------------------------\n\ncp -p /etc/fstab /home/${user^^}/nodevhome_`date +%d%m%y`\n\n##-------------------------------------------------------------------------------\n## Backup con HOME en minúsculas\n##-------------------------------------------------------------------------------\n\ncp -p /etc/fstab /home/${user,,}/nodevhome_`date +%d%m%y`\n",
        "editar": "##-------------------------------------------------------------------------------\n## Edite `/etc/fstab` \n## Para añadir `nodev ` al cuarto campo (opciones de montaje) para la partición \"/home\":\n##-------------------------------------------------------------------------------\n\nvi /etc/fstab\n\n## Debe tener la siguiente linea\n\n/dev/mapper/rhel-lv_home /home    ext4    defaults,nodev  1 2\n\n##-------------------------------------------------------------------------------\n## Ejecute el siguiente mandato para volver a montar `/home`:\n##-------------------------------------------------------------------------------\n\nmount -o remount,nodev /home",
        "refrescar": "mount -o remount,nodev /home",
        "evidencia": "clear\ndate\nhostname\nmount | grep /home",
        "SO": "Linux"
    },
    {
        "modulo": "Filesystem Configuration/noexec option set on /dev/shm partition",
        "clave": "NOEXECSHM",
        "descripcion": "Ensure noexec option set on /dev/shm partition if it exist",
        "comprobacion": "## Ejecute el mandato siguiente\n## Y verifique que la opción `noexec` esté establecida en `/dev/shm` si existe como partición:\n\nmount | grep /dev/shm\n\n## En tmpfs on /dev/shm type tmpfs (rw,nosuid,nodev,noexec,relatime)",
        "copia": "## Obtener usuario logueado:\nuser=$(logname)\n\n##-------------------------------------------------------------------------------\n## Backup con HOME en MAYÚSCULAS\n##-------------------------------------------------------------------------------\n\ncp -p /etc/fstab /home/${user^^}/noexecshm_`date +%d%m%y`\n\n##-------------------------------------------------------------------------------\n## Backup con HOME en minúsculas\n##-------------------------------------------------------------------------------\n\ncp -p /etc/fstab /home/${user,,}/noexecshm_`date +%d%m%y`\n",
        "editar": "##-------------------------------------------------------------------------------\n## Edite `/etc/fstab` \n## Para añadir `noexec` al cuarto campo (opciones de montaje) para la partición `/dev/shm`:\n##-------------------------------------------------------------------------------\n\nvi /etc/fstab\n\n## Debe tener la siguiente linea, si no existe *AÑADIRLA*\n\ntmpfs   /dev/shm        tmpfs           defaults,nodev,nosuid,noexec,relatime     0 0\n\n##-------------------------------------------------------------------------------\n## Ejecute el siguiente mandato para volver a montar `/home`:\n##-------------------------------------------------------------------------------\n\nmount -o remount,nodev,nosuid,noexec,relatime /dev/shm",
        "refrescar": "mount -o remount,nodev,nosuid,noexec,relatime /dev/shm",
        "evidencia": "clear\ndate\nhostname\nmount | grep /dev/shm",
        "SO": "Linux"
    },
    {
        "modulo": "Filesystem Configuration/Disable filesystem type cramfs",
        "clave": "CRAMFS",
        "descripcion": "Filesystem type \"cramfs\" is enabled. It should be disabled if not needed",
        "comprobacion": "##-------------------------------------------------------------------------------\n## Ejecute los mandatos siguientes y verifique que la salida sea la indicada:\n##-------------------------------------------------------------------------------\n\nmodprobe -n -v cramfs \n\n## SALIDA ('esta linea deshabilita el sistema de archivos cramfs'):\n## install /bin/true\n\nlsmod | grep cramfs\n\n## SALIDA ('No debe devolver nada').",
        "copia": "",
        "editar": "##-------------------------------------------------------------------------------\n## Crear archivo de configuración:\n##-------------------------------------------------------------------------------\n\ntouch /etc/modprobe.d/CIS.conf\nchmod 644 /etc/modprobe.d/CIS.conf\n\n##-------------------------------------------------------------------------------\n## Edite el fichero de configuración.\n##-------------------------------------------------------------------------------\n\nvi /etc/modprobe.d/CIS.conf\n\n##-------------------------------------------------------------------------------\n## Y añada la siguiente linea:\n##-------------------------------------------------------------------------------\n\ninstall cramfs /bin/true",
        "refrescar": "",
        "evidencia": "clear\ndate\nhostname\nmodprobe -n -v cramfs\nlsmod | grep cramfs",
        "SO": "Linux"
    },
    {
        "modulo": "Filesystem Configuration/Disable filesystem type squashfs",
        "clave": "SQUASHFS",
        "descripcion": "Filesystem type \"squashfs\" is enabled. It should be disabled if not needed",
        "comprobacion": "##-------------------------------------------------------------------------------\n## Ejecute los mandatos siguientes y verifique que la salida sea la indicada:\n##-------------------------------------------------------------------------------\n\nmodprobe -n -v squashfs \n\n## SALIDA ('esta linea deshabilita el sistema de archivos squashfs'):\n## install /bin/true\n\nlsmod | grep squashfs\n\n## SALIDA ('No debe devolver nada').",
        "copia": "",
        "editar": "##-------------------------------------------------------------------------------\n## Crear archivo de configuración:\n##-------------------------------------------------------------------------------\n\ntouch /etc/modprobe.d/CIS.conf\nchmod 644 /etc/modprobe.d/CIS.conf\n\n##-------------------------------------------------------------------------------\n## Edite el fichero de configuración.\n##-------------------------------------------------------------------------------\n\nvi /etc/modprobe.d/CIS.conf\n\n##-------------------------------------------------------------------------------\n## Y añada la siguiente linea:\n##-------------------------------------------------------------------------------\n\ninstall squashfs /bin/true",
        "refrescar": "",
        "evidencia": "clear\ndate\nhostname\nmodprobe -n -v squashfs\nlsmod | grep squashfs",
        "SO": "Linux"
    },
    {
        "modulo": "Filesystem Configuration/Disable filesystem type udf",
        "clave": "UDF",
        "descripcion": "Filesystem type \"udf\" is enabled. It should be disabled if not needed",
        "comprobacion": "##-------------------------------------------------------------------------------\n## Ejecute los mandatos siguientes y verifique que la salida sea la indicada:\n##-------------------------------------------------------------------------------\n\nmodprobe -n -v udf \n\n## SALIDA ('esta linea deshabilita el sistema de archivos udf'):\n## install /bin/true\n\nlsmod | grep udf\n\n## SALIDA ('No debe devolver nada').",
        "copia": "",
        "editar": "##-------------------------------------------------------------------------------\n## Crear archivo de configuración:\n##-------------------------------------------------------------------------------\n\ntouch /etc/modprobe.d/CIS.conf\nchmod 644 /etc/modprobe.d/CIS.conf\n\n##-------------------------------------------------------------------------------\n## Edite el fichero de configuración.\n##-------------------------------------------------------------------------------\n\nvi /etc/modprobe.d/CIS.conf\n\n##-------------------------------------------------------------------------------\n## Y añada la siguiente linea:\n##-------------------------------------------------------------------------------\n\ninstall udf /bin/true",
        "refrescar": "",
        "evidencia": "clear\ndate\nhostname\nmodprobe -n -v udf\nlsmod | grep udf",
        "SO": "Linux"
    },
    {
        "modulo": "Password Requirements/Automatic Logoff support shells",
        "clave": "TMUX",
        "descripcion": "/usr/bin/tmux.\n/bin/tmux.\nEnsure that /etc/shells only allows users to select shells which support time out.",
        "comprobacion": "## Si los shells están indicados como desaparecidos, añádalos a /etc/shells.\n## Si cualquier shell se indica como no conforme, elimínelas.\n\ncat /etc/shells | grep -i tmux",
        "copia": "## Obtener usuario logueado:\nuser=$(logname)\n\n##-------------------------------------------------------------------------------\n## Backup con HOME en MAYÚSCULAS\n##-------------------------------------------------------------------------------\n\ncp -p /etc/shells /home/${user^^}/shells_`date +%d%m%y`\n\n##-------------------------------------------------------------------------------\n## Backup con HOME en minúsculas\n##-------------------------------------------------------------------------------\n\ncp -p /etc/shells /home/${user,,}/shells__`date +%d%m%y`\n",
        "editar": "## Comentar las shells que no dan soporte a time out\n\nvi /etc/shells",
        "refrescar": "",
        "evidencia": "clear\ndate\nhostname\ncat /etc/shells | grep -i tmux\n",
        "SO": "Linux"
    },
    {
        "modulo": "Protecting Resources-OSRs/Set gpgcheck in yum file",
        "clave": "GPGCHECK",
        "descripcion": "Set gpgcheck=1 in /etc/yum.conf file",
        "comprobacion": "## Ejecute el mandato siguiente y verifique que `gpgcheck` está establecido en 1\n\ngrep -w gpgcheck /etc/yum.conf\n\n## debe devolver: gpgcheck= 1\n\n## Ejecute el mandato siguiente y verifique que todas las instancias de `gpgcheck` \n## devueltas están establecidas en ' \"1\" o simplemente nada.\n\ngrep -w gpgcheck /etc/yum.repos.d/* ",
        "copia": "## Obtener usuario logueado:\nuser=$(logname)\n\n##-------------------------------------------------------------------------------\n## Backup con HOME en MAYÚSCULAS\n##-------------------------------------------------------------------------------\n\ncp -p /etc/yum.conf /home/${user^^}/yum_`date +%d%m%y`\n\n##-------------------------------------------------------------------------------\n## Backup con HOME en minúsculas\n##-------------------------------------------------------------------------------\n\ncp -p /etc/yum.conf /home/${user,,}/yum_`date +%d%m%y`\n",
        "editar": "##-------------------------------------------------------------------------------\n## Edite `/etc/yum.conf` y establezca `gpgcheck=1`\n## En la sección [main], necesario para estar presente.\n##-------------------------------------------------------------------------------\n\nvi /etc/yum.conf\n\n##-------------------------------------------------------------------------------\n## Edite los archivos anómalos en `/etc/yum.repos.d/*` \n## Y establezca todas las instancias de `gpgcheck` en `1`, o simplemente elimine la línea.\n##-------------------------------------------------------------------------------\n\ncd /etc/yum.repos.d/\n\nls -la",
        "refrescar": "",
        "evidencia": "clear\ndate\nhostname\ngrep -w gpgcheck /etc/yum.conf\ngrep -w gpgcheck /etc/yum.repos.d/*",
        "SO": "Linux"
    },
    {
        "modulo": "AD.1.9.1.4 Protecting Resources - User Resources",
        "clave": "IBMSINIT.CSH",
        "descripcion": "File /etc/profile.d/IBMsinit.csh must exist.",
        "comprobacion": "## Debe existir /etc/profile.d/IBMsinit.csh y contener el correcto script para UMASK.\n\nls -l /etc/profile.d/IBMsinit.csh\ncat /etc/profile.d/IBMsinit.csh",
        "copia": "## Obtener usuario logueado:\nuser=$(logname)\n\n##-------------------------------------------------------------------------------\n## Backup con HOME en MAYÚSCULAS\n##-------------------------------------------------------------------------------\n\ncp -p /etc/profile.d/IBMsinit.csh /home/${user^^}/IBMsinit.csh_`date +%d%m%y`\n\n##-------------------------------------------------------------------------------\n## Backup con HOME en minúsculas\n##-------------------------------------------------------------------------------\n\ncp -p /etc/profile.d/IBMsinit.csh /home/${user,,}/IBMsinit.csh_`date +%d%m%y`\n",
        "editar": "##-------------------------------------------------------------------------------\n## Creamos fichero y asignamos los correctos permisos.\n##-------------------------------------------------------------------------------\n\ntouch /etc/profile.d/IBMsinit.csh\nchmod 0755 /etc/profile.d/IBMsinit.csh\n\n##-------------------------------------------------------------------------------\n## Editar y añadir el siguiente SCRIPT:\n##-------------------------------------------------------------------------------\n\nvi /etc/profile.d/IBMsinit.csh\n\n#--------- begin IBMsinit.csh ---------#\nif ($uid > 199) then\n    umask 077\nendif\n#--------- end IBMsinit.csh  ---------#\n\n##-------------------------------------------------------------------------------\n## Ademas debemos implementar la invocacion a la llamada del fichero.\n## La invocacion se implementa en la ultima linea.\n##-------------------------------------------------------------------------------\n\nvi  /etc/csh.login\nsource /etc/profile.d/IBMsinit.csh",
        "refrescar": "",
        "evidencia": "clear\ndate\nhostname\ncat /etc/profile.d/IBMsinit.csh\ncat /etc/csh.login  | grep -i  IBMsinit.csh\nls -l /etc/profile.d/IBMsinit.csh",
        "SO": "Linux"
    },
    {
        "modulo": "Network Settings/TCP Configuration Files Restrictions",
        "clave": "SYSCTL",
        "descripcion": "Incorrect /etc/sysctl.conf or proc files setting for\n\nnet.ipv4.conf.all.accept_source_route: 1 should be 0\nnet.ipv4.conf.all.secure_redirects: 1 should be 0\nnet.ipv4.conf.default.secure_redirects: 1 should be 0\nnet.ipv4.conf.all.log_martians: 0 should be 1\nnet.ipv4.ip_forward: 1 should be 0\nnet.ipv4.conf.default.log_martians: 0 should be 1\nnet.ipv4.conf.all.rp_filter: 0 should be 1\nnet.ipv6.conf.all.accept_ra: 1 should be 0\nnet.ipv6.conf.default.accept_ra: 1 should be 0\nnet.ipv6.conf.all.accept_redirects: 1 should be 0\nnet.ipv6.conf.default.accept_redirects: 1 should be 0",
        "comprobacion": "",
        "copia": "",
        "editar": "## Para hacer el cambio:\n\n/sbin/sysctl -w net.ipv4.conf.all.secure_redirects=0\n/sbin/sysctl -w net.ipv4.conf.default.secure_redirects=0\n/sbin/sysctl -w net.ipv4.conf.all.log_martians=1\n/sbin/sysctl -w net.ipv4.conf.default.log_martians=1\n/sbin/sysctl -w net.ipv4.conf.all.rp_filter=1\n/sbin/sysctl -w net.ipv4.conf.default.rp_filter=1\n/sbin/sysctl -w net.ipv6.conf.all.accept_ra=0\n/sbin/sysctl -w net.ipv6.conf.default.accept_ra=0\n/sbin/sysctl -w net.ipv6.conf.all.accept_redirects=0\n/sbin/sysctl -w net.ipv6.conf.default.accept_redirects=0\n/sbin/sysctl -w net.ipv4.ip_forward=0\n/sbin/sysctl -w net.ipv4.conf.default.accept_source_route=0\n/sbin/sysctl -w net.ipv4.conf.all.accept_source_route=0",
        "refrescar": "\n\nsysctl -p",
        "evidencia": "clear\ndate\nhostname\n/sbin/sysctl -a |grep -i \"net.ipv4.conf.all.accept_source_route\"\n/sbin/sysctl -a |grep -i \"net.ipv4.conf.all.secure_redirects\"\n/sbin/sysctl -a |grep -i \"net.ipv4.conf.default.secure_redirects\"\n/sbin/sysctl -a |grep -i \"net.ipv4.conf.all.log_martians\"\n/sbin/sysctl -a |grep -i \"net.ipv4.conf.default.log_martians\"\n/sbin/sysctl -a |grep -i \"net.ipv4.conf.all.rp_filter\"\n/sbin/sysctl -a |grep -i \"net.ipv4.conf.default.rp_filter\"\n/sbin/sysctl -a |grep -i \"net.ipv4.conf.default.accept_source_route\"\n/sbin/sysctl -a |grep -i \"net.ipv6.conf.all.accept_ra\"\n/sbin/sysctl -a |grep -i \"net.ipv6.conf.default.accept_ra\"\n/sbin/sysctl -a |grep -i \"net.ipv6.conf.all.accept_redirects\"\n/sbin/sysctl -a |grep -i \"net.ipv6.conf.default.accept_redirects\"\n/sbin/sysctl -a |grep -i \"net.ipv4.ip_forward\"",
        "SO": "Linux"
    },
    {
        "modulo": "Password Requirements/Automatic Logoff IBMsinit sh TMOUT",
        "clave": "TMOUT",
        "descripcion": "/etc/profile.d/IBMsinit.sh Default: Set systems to terminate a session after 21600 seconds of inactivity. File must  contain \"TMOUT=21600\" followed by \"export TMOUT\". A shorter time frame may be specified.",
        "comprobacion": "## En /etc/profile.d/IBMsinit.sh, al final del SCRIPT de UMASK\n## Debe tener un TMOUT\n(\"TMOUT solo debe estar implementado en 'IBMsinit.sh'\"):\n\ncat /etc/profile.d/IBMsinit.sh\n\n## SET muestra el valor global:\nset | grep OUT",
        "copia": "## Obtener usuario logueado:\nuser=$(logname)\n\n##-------------------------------------------------------------------------------\n## Backup con HOME en MAYÚSCULAS\n##-------------------------------------------------------------------------------\n\ncp -p /etc/profile.d/IBMsinit.sh /home/${user^^}/IBMsinit.sh_`date +%d%m%y`\n\n##-------------------------------------------------------------------------------\n## Backup con HOME en minúsculas\n##-------------------------------------------------------------------------------\n\ncp -p /etc/profile.d/IBMsinit.sh /home/${user,,}/IBMsinit.sh_`date +%d%m%y`\n",
        "editar": "vi /etc/profile.d/IBMsinit.sh\n\n## Añadir al final de SCRIPT:\n\nTMOUT=21600\nexport TMOUT",
        "refrescar": "",
        "evidencia": "## SET muestra el valor global('comprobar en otra seccion'):\n\nclear\ndate\nhostname\ncat /etc/profile.d/IBMsinit.sh\nset | grep OUT",
        "SO": "Linux"
    },
    {
        "modulo": "Protecting Resources-mixed/Ensure sticky bit is set on all world-writable directories",
        "clave" : "STICKY",
        "descripcion": "Sticky bit is not set on world-writable directory: $directory",
        "comprobacion": "## Hay que tener en cuenta el tipo de owner que pertenece, cada directorio / RAIZ.\n\n## Ya sea de tipo '/C/F/S'\n## Si es /C/, se pasa a excepcion con RISK e IMPACT\n## por favor revisar la seccion de RISK e IMPACT\n\n## Si es de tipo /F/S/, se debe preguntar al owner, si podemos modificar los permisos(REVISAR DIRECTORY).",
        "copia": "",
        "editar": "## Se puede quitar de forma 'recursiva' o por 'individual'\n## $directory : es la variable del directorio raiz a cambiar permisos.\n\n##-------------------------------------------------------------------------------\n## Asi quitamos de permisos de W a Other, en los directorios('recursivo'):\n##-------------------------------------------------------------------------------\n\nfind $directory -type d -perm -o=w -exec chmod o-w {} +\n\n##-------------------------------------------------------------------------------\n## Asi quitamos de permisos de W a Other, en los ficheros('recursivo'):\n##-------------------------------------------------------------------------------\n\nfind $directory -type f -perm -o=w -exec chmod o-w {} +\n\n\n##-------------------------------------------------------------------------------\n## Asi quitamos permisos, de W a other de forma('individual'):\n##-------------------------------------------------------------------------------\n\nchmod o-w $directory",
        "refrescar": "",
        "evidencia": "##-------------------------------------------------------------------------------\n## De forma ('recursiva'):\n##-------------------------------------------------------------------------------\n\nclear\ndate\nhostname\nfind $directory -type d -perm -o=wx | wc -l\nfind $directory -type f -perm -o=wx | wc -l\nls -ld $directory\n\n##-------------------------------------------------------------------------------\n## De forma('individual'):\n##-------------------------------------------------------------------------------\n\nclear\ndate\nhostname\nls -ld $directory",
        "SO": "Linux"
    },
    {
        "modulo": "Network Settings/Ensure LDAP Server is not enabled",
        "clave": "LDAP",
        "descripcion": "Ensure  LDAP Server is not enabled. Command: systemctl is-enabled slapd",
        "comprobacion": "",
        "copia": "",
        "editar": "",
        "refrescar": "",
        "evidencia": "",
        "SO": "Linux"
    },
    {
        "modulo": "Password Requirements//etc/profile IBMsinit sh",
        "clave": "IBMSINIT.SH",
        "descripcion": "/etc/profile should not set/reset the time out control after '. /etc/profile.d/IBMsinit.sh' invocation.",
        "comprobacion": "## No deben existir 2 controles TMOUT en el servidor.\n## Revisar en /etc/profile, si tiene un TMOUT definido\n\ncat /etc/profile | grep TMOUT\n\n## En /etc/profile.d/IBMsinit.sh, al final del SCRIPT de UMASK\n## Debe tener un TMOUT:\n\ncat /etc/profile.d/IBMsinit.sh",
        "copia": "## Obtener usuario logueado:\nuser=$(logname)\n\n##-------------------------------------------------------------------------------\n## Backup con HOME en MAYÚSCULAS\n##-------------------------------------------------------------------------------\n\ncp -p /etc/profile.d/IBMsinit.sh /home/${user^^}/IBMsinit.sh_`date +%d%m%y`\n\n##-------------------------------------------------------------------------------\n## Backup con HOME en minúsculas\n##-------------------------------------------------------------------------------\n\ncp -p /etc/profile.d/IBMsinit.sh /home/${user,,}/IBMsinit.sh_`date +%d%m%y`\n",
        "editar": "## Eliminar/Comentar la entrada TMOUT en /etc/profile.\n\nvi /etc/profile",
        "refrescar" : "",
        "evidencia": "clear\ndate\nhostname\ncat /etc/profile | grep TMOUT\ncat /etc/profile.d/IBMsinit.sh",
        "SO": "Linux"
    },
    {
        "modulo": "Password Requirements/Automatic Logoff IBMsinit csh autologout",
        "clave": "AUTOLOGOUT",
        "descripcion": "/etc/profile.d/IBMsinit.csh Default: Set systems to terminate a session after 360 minutes of inactivity. File must contain \"set autologout=360\". A shorter time frame may be specified.",
        "comprobacion": "## En /etc/profile.d/IBMsinit.csh, al final del SCRIPT de UMASK\n## Debe tener un autologout\n(\"autologout solo debe estar implementado en 'IBMsinit.csh'\"):\n\ncat /etc/profile.d/IBMsinit.csh",
        "copia": "## Obtener usuario logueado:\nuser=$(logname)\n\n##-------------------------------------------------------------------------------\n## Backup con HOME en MAYÚSCULAS\n##-------------------------------------------------------------------------------\n\ncp -p /etc/profile.d/IBMsinit.csh /home/${user^^}/IBMsinit.csh_`date +%d%m%y`\n\n##-------------------------------------------------------------------------------\n## Backup con HOME en minúsculas\n##-------------------------------------------------------------------------------\n\ncp -p /etc/profile.d/IBMsinit.csh /home/${user,,}/IBMsinit.csh_`date +%d%m%y`\n",
        "editar": "vi /etc/profile.d/IBMsinit.csh\n\n## Añadir al final de SCRIPT:\n\nset autologout=360",
        "refrescar": "",
        "evidencia": "clear\ndate\nhostname\ncat /etc/profile.d/IBMsinit.csh",
        "SO": "Linux"
    },
    {
        "modulo": "Password Requirements/Login Retries",
        "clave": "PAM_TALLY",
        "descripcion": "Non of the Login Retrie options was found in file:\n/etc/pam.d/password-auth\n/etc/pam.d/system-auth",
        "comprobacion": "## Hace referencia al 'pam_tally2.so' en RHEL7, y al 'pam_faillock.so'  en RHEL8.\n\n## Saber que versión de RHEL es:\ncat /etc/*release\n\n#-*** Saber que PAM_TALLY USA ****-#\nls -ltr /lib64/security/pam_tally*\n\n#-*** Saber que PAM_FAILLOCK USA ****-#\nls -la /usr/sbin/faillock\n\n##-------------------------------------------------------------------------------\n##--- RHEL 7('system-auth','password-auth')\n##-------------------------------------------------------------------------------\n\n\n## Los ficheros del PAM, deben tener en el modulo 'auth required', el parámetro 'pam_tally2.so'\n\n## Los ficheros del PAM, deben tener en el modulo 'account required', el parámetro 'pam_tally2.so'\n\ncat /etc/pam.d/system-auth | grep pam_tally\ncat /etc/pam.d/password-auth | grep pam_tally\n\n##-------------------------------------------------------------------------------\n##--- RHEL 8 ('system-auth','password-auth')\n##-------------------------------------------------------------------------------\n\n\n## Los ficheros del PAM, deben tener en el modulo 'auth required', el parámetro 'pam_faillock.so'\n\n## Los ficheros del PAM, deben tener en el modulo 'account required', el parámetro 'pam_faillock.so'\n\ncat /etc/pam.d/system-auth | grep pam_faillock.so\ncat /etc/pam.d/password-auth | grep pam_faillock.so",
        "copia": "## Obtener usuario logueado:\nuser=$(logname)\n\n##-------------------------------------------------------------------------------\n## Backup con HOME en MAYÚSCULAS\n##-------------------------------------------------------------------------------\n\ncp -p /etc/pam.d/system-auth /home/${user^^}/system-auth_`date +%d%m%y`\n\ncp -p /etc/pam.d/password-auth /home/${user^^}/password-auth_`date +%d%m%y`\n\n##-------------------------------------------------------------------------------\n## Backup con HOME en minúsculas\n##-------------------------------------------------------------------------------\n\ncp -p /etc/pam.d/system-auth /home/${user,,}/system-auth_`date +%d%m%y`\n\ncp -p /etc/pam.d/password-auth /home/${user,,}/password-auth_`date +%d%m%y`\n",
        "editar": "##-------------------------------------------------------------------------------\n##--- RHEL 7 ('system-auth','password-auth')\n##-------------------------------------------------------------------------------\n\n## Añadir en el modulo 'auth required', el parámetro 'pam_tally2.so'.\n## Se debe añadir en la primera linea del modulo.\n## ('se aconseja remplazar la linea, si existe el parámetro').\n\nvi /etc/pam.d/system-auth\n\nauth        required      pam_tally2.so deny=5\n\n## Añadir en el modulo 'account required', el parámetro 'pam_tally2.so'.\n## Se debe añadir en la primera linea del modulo.\n## ('se aconseja remplazar la linea, si existe el parámetro').\n\naccount     required      pam_tally2.so\n\n## Lo mismo con 'password-auth'\nvi /etc/pam.d/password-auth\n\n##-------------------------------------------------------------------------------\n##--- RHEL 8 ('system-auth','password-auth')\n##-------------------------------------------------------------------------------\n\n## Añadir en el modulo 'auth required', el parámetro 'pam_faillock.so'.\n## Se debe añadir en la primera linea del modulo.\n## ('se aconseja remplazar la linea, si existe el parámetro').\n\nvi /etc/pam.d/system-auth\n\nauth        required        pam_faillock.so preauth silent deny=5 unlock_time=0\n\n## Ademas se debe añadir la siguiente linea, por encima de 'auth required pam_deny.so'\n\nauth        [default=die] pam_faillock.so authfail deny=5 unlock_time=0\n\n## Añadir en el modulo 'account required', el parámetro 'pam_faillock.so'.\n## Se debe añadir en la primera linea del modulo.\n## ('se aconseja remplazar la linea, si existe el parámetro').\n\naccount     required      pam_faillock.so\n\n## Lo mismo con 'password-auth'\nvi /etc/pam.d/password-auth\n\n",
        "refrescar": "",
        "evidencia": "##-------------------------------------------------------------------------------\n##--- RHEL 7('system-auth','password-auth')\n##-------------------------------------------------------------------------------\nclear\ndate;hostname\ncat /etc/*release | grep -i release\ncat /etc/pam.d/system-auth | egrep \"pam_tally\" \ncat /etc/pam.d/password-auth | egrep \"pam_tally\"\n\n##-------------------------------------------------------------------------------\n##--- RHEL 8 ('system-auth','password-auth')\n##-------------------------------------------------------------------------------\nclear\ndate;hostname\ncat /etc/*release | grep -i release\ncat /etc/pam.d/system-auth | egrep \"pam_faillock\" \ncat /etc/pam.d/password-auth | egrep \"pam_faillock\"",
        "SO": "Linux"
    },
    {
        "modulo": "Password Requirements/Password History",
        "clave": "REMEMBER",
        "descripcion": "PAM service file: /etc/pam.d/password-auth\nPAM service file: /etc/pam.d/system-auth\nMust have \"password sufficient pam_unix.so\" stanza with \"remember=8\" parameter. \"sufficient\" can be replaced with \"required\".",
        "comprobacion": "## Hace referencia al 'remember' en RHEL7 y RHEL8.\n\n## Saber que versión de RHEL es:\ncat /etc/*release\n\n#-***# Saber que PAM_TALLY USA #****-#\nls -ltr /lib64/security/pam_tally*\n\n#-*** Saber que PAM_FAILLOCK USA ****-#\nls -la /usr/sbin/faillock\n\n##-------------------------------------------------------------------------------\n##--- RHEL 7 & RHEL 8 ('system-auth','password-auth')\n##-------------------------------------------------------------------------------\n\n## Los ficheros del PAM, deben tener en el modulo 'password    sufficient    pam_unix.so', el parámetro 'remember=8'\n\ncat /etc/pam.d/system-auth | grep remember\ncat /etc/pam.d/password-auth | grep remember\n",
        "copia": "## Obtener usuario logueado:\nuser=$(logname)\n\n##-------------------------------------------------------------------------------\n## Backup con HOME en MAYÚSCULAS\n##-------------------------------------------------------------------------------\n\ncp -p /etc/pam.d/system-auth /home/${user^^}/system-auth_`date +%d%m%y`\n\ncp -p /etc/pam.d/password-auth /home/${user^^}/password-auth_`date +%d%m%y`\n\n##-------------------------------------------------------------------------------\n## Backup con HOME en minúsculas\n##-------------------------------------------------------------------------------\n\ncp -p /etc/pam.d/system-auth /home/${user,,}/system-auth_`date +%d%m%y`\n\ncp -p /etc/pam.d/password-auth /home/${user,,}/password-auth_`date +%d%m%y`\n",
        "editar": "##-------------------------------------------------------------------------------\n##--- RHEL 7 & RHEL 8 ('system-auth','password-auth')\n##-------------------------------------------------------------------------------\n\n## Añadir en el modulo 'password    sufficient    pam_unix.so', el parámetro 'remember=8'.\n## Se debe añadir en la segunda linea del modulo.\n## ('se aconseja remplazar toda la linea, del modulo 'password    sufficient    pam_unix.so').\n\nvi /etc/pam.d/system-auth\n\npassword    sufficient    pam_unix.so remember=8 use_authtok sha512 shadow try_first_pass\n\n## Lo mismo con 'password-auth'\nvi /etc/pam.d/password-auth\n",
        "refrescar": "",
        "evidencia": "##-------------------------------------------------------------------------------\n##--- RHEL 7 & RHEL 8 ('system-auth','password-auth')\n##-------------------------------------------------------------------------------\nclear\ndate;hostname\ncat /etc/*release | grep -i release\ncat /etc/pam.d/system-auth | egrep \"remember\" \ncat /etc/pam.d/password-auth | egrep \"remember\"\n",
        "SO": "Linux"
    },
    {
        "modulo": "Encryption/Password Encryption Required",
        "clave": "SHA512",
        "descripcion": "/etc/pam.d/password-auth.\n/etc/pam.d/system-auth.\nAny file in /etc/pam.d containing \"password sufficient pam_unix.so\" stanza must carry the \"sha512 shadow\" options.\n\nIncorrect or missing pam_unix.so module stanza. For more information see coverage matrix document",
        "comprobacion": "## Hace referencia al parametro 'sha512 shadow ' en RHEL7 y RHEL8.\n\n## Saber que versión de RHEL es:\ncat /etc/*release\n\n#-*** Saber que PAM_TALLY USA ****-#\nls -ltr /lib64/security/pam_tally*\n\n#-*** Saber que PAM_FAILLOCK USA ****-#\nls -la /usr/sbin/faillock\n\n##-------------------------------------------------------------------------------\n##--- RHEL 7 & RHEL 8 ('system-auth','password-auth')\n##-------------------------------------------------------------------------------\n\n\n## Los ficheros del PAM, deben tener en el modulo 'password    sufficient    pam_unix.so', el parámetro 'sha512 shadow '\n\ncat /etc/pam.d/system-auth | egrep \"sha512|shadow\"\ncat /etc/pam.d/password-auth | egrep \"sha512|shadow\"\n\n## Modulo similiar : 'Password Requirements/Password History'",
        "copia": "## Obtener usuario logueado:\nuser=$(logname)\n\n##-------------------------------------------------------------------------------\n## Backup con HOME en MAYÚSCULAS\n##-------------------------------------------------------------------------------\n\ncp -p /etc/pam.d/system-auth /home/${user^^}/system-auth_`date +%d%m%y`\n\ncp -p /etc/pam.d/password-auth /home/${user^^}/password-auth_`date +%d%m%y`\n\n##-------------------------------------------------------------------------------\n## Backup con HOME en minúsculas\n##-------------------------------------------------------------------------------\n\ncp -p /etc/pam.d/system-auth /home/${user,,}/system-auth_`date +%d%m%y`\n\ncp -p /etc/pam.d/password-auth /home/${user,,}/password-auth_`date +%d%m%y`\n",
        "editar": "##-------------------------------------------------------------------------------\n##--- RHEL 7 & RHEL 8 ('system-auth','password-auth')\n##-------------------------------------------------------------------------------\n\n## Añadir en el modulo 'password    sufficient    pam_unix.so', el parámetro 'sha512 shadow'.\n## Remplazar 'md5' por 'sha512'\n\n## Se debe añadir en la segunda linea del modulo.\n## ('se aconseja remplazar toda la linea, del modulo 'password    sufficient    pam_unix.so').\n\nvi /etc/pam.d/system-auth\n\npassword    sufficient    pam_unix.so remember=8 use_authtok sha512 shadow try_first_pass\n\n## Lo mismo con 'password-auth'\nvi /etc/pam.d/password-auth\n",
        "refrescar": "",
        "evidencia": "##-------------------------------------------------------------------------------\n##--- RHEL 7 & RHEL 8 ('system-auth','password-auth')\n##-------------------------------------------------------------------------------\nclear\ndate;hostname\ncat /etc/*release | grep -i release\ncat /etc/pam.d/system-auth | egrep \"sha512|shadow\"\ncat /etc/pam.d/password-auth | egrep \"sha512|shadow\"\n",
        "SO": "Linux"
    },
    {
        "modulo": "Password Requirements/Private Key File Restriction",
        "clave": "AUTHORIZED_KEY",
        "descripcion": "SSH authorized_keys file: \"FICHERO AUTHORIZED KEYS\"; Invalid from section: . \"*º\" or \"*.*.*.*\" or \"0/0\" or \"0.0.0.0/0\" or empty are forbidden values in the \"from=\" parameter",
        "comprobacion":"## En este tipo de desviaciones, las claves publicas(\"authorized_keys\")\n## Deben tener un un FROM que especifique el host remoto o direccion IP.\n## No válido en la sección:. \"*\" \"o\" \"*. *. *. *\" \"o\" \"0/0\" \"o\" \"0.0.0.0/0 \" o vacíos son valores prohibidos en el parámetro \" from = \"\n\n##-------------------------------------------------------------------------------\n## Guardamos en la variable, el fichero authorized_keys a revisar\n##-------------------------------------------------------------------------------\nfile_authorized=\"\"\n\n##-------------------------------------------------------------------------------\n## Revisamos si tiene un FROM, que especifica el host remoto o IP\n##-------------------------------------------------------------------------------\nls -la $file_authorized\ncat $file_authorized\n\n## PUEDEN EXISTIR 3 OPCIONES DIFERENTES:\n\n## --> OPCION 1\n##-------------------------------------------------------------------------------\n## Si el fichero authorized_key es de root, no debe tener un fichero authorized_key.\n## Pasamos directamente a renombrar el fichero authorized_keys para owner root.\n## ('SI HAY DUDAS, consultarlo con el tecnico')\n##-------------------------------------------------------------------------------\n\n\n## --> OPCION 2\n##-------------------------------------------------------------------------------\n## Si el fichero authorized_keys, pertenece a otro owner o grupo que no sea root.\n## se debe contactar con el owner o grupo.\n## - Si se va a excepcionar nos deben especificar un RISK e IMPACT.\n## Por favor revisar la sección de RISK e IMPACT antes.\n## - Si se va a corregir.\n## Revisar ('AUTHORIZED_KEYS'), antes de cualquier cambio.\n##-------------------------------------------------------------------------------\n\n\n## --> OPCION 3\n##-------------------------------------------------------------------------------\n## Si el fichero authorized_keys, pertenece a otro owner o grupo que no sea root.\n## - Si es una cuenta 'externa' y no existe en el servidor, se puede renombrar.\n## - Si la cuenta existe, se debe notificar al owner de la cuenta.\n## Se le debe notificar que se ha renombrado el fichero y que si lo utiliza debe,\n## Crear un fichero authorized_keys con un \"from=\" con host especifico o IP. \n## Revisar ('AUTHORIZED_KEYS'), antes de cualquier cambio.\n##-------------------------------------------------------------------------------",
        "copia":"cp -p \"$file_authorized\" /home/$user/authorized_key_`date +%d%m%y`",
        "editar":"## --> OPCION 1\n##-------------------------------------------------------------------------------\n## Para ficheros authorized_keys, con owner root\n##-------------------------------------------------------------------------------\n\nmv /home/root/.ssh/authorized_keys /home/root/.ssh/authorized_keys.save\n\n\n## --> OPCION 2\n##-------------------------------------------------------------------------------\n## Para otros ficheros authorized_keys.\n## Editar el fichero y añadir el parametro FROM con su host remoto o ip.\n##-------------------------------------------------------------------------------\n\nvi $file_authorized\n\n## --> OPCION 3\n##-------------------------------------------------------------------------------\n## Para otros ficheros authorized_keys, sin owner o account externas.\n##-------------------------------------------------------------------------------\n\nmv $file_authorized $file_authorized.save",
        "refrescar": "",
        "evidencia":"## --> OPCION 1\n##-------------------------------------------------------------------------------\n## Para ficheros authorized_keys, con owner root\n##-------------------------------------------------------------------------------\nclear\ndate\nhostname\nls -la /home/root/.ssh/authorized_keys\nls -la /home/root/.ssh/authorized_keys.save\n\n\n## --> OPCION 2\n##-------------------------------------------------------------------------------\n## Para otros ficheros authorized_keys.\n##-------------------------------------------------------------------------------\nclear\ndate\nuname -a\ncat $file_authorized | grep -iw 'from' \n\n\n## --> OPCION 3\n##-------------------------------------------------------------------------------\n## Para otros ficheros authorized_keys, sin owner o account externas.\n##-------------------------------------------------------------------------------\nclear\ndate\nuname -a\nls -la $file_authorized\nls -la $file_authorized.save",
        "SO": "Aix"
    },
    {
        "modulo": "Password Requirements/Specific Host Access",
        "clave": "",
        "descripcion": "File \"FICHERO AUTHORIZED KEYS\" contains entries withous \"from\" option specified",
        "comprobacion":"## Pregunta relaciona con el modulo : Password Requirements/Private Key File Restriction",
        "copia":"",
        "editar" : "",
        "refrescar": "",
        "evidencia": "",
        "SO": "Aix"
    }
]