{
  "AFB": [
    {
      "object": "",
      "owner": "",
      "tipo": "",
      "ownerGroup": "",
      "user": [
        "",
        ""
      ],
      "code": "",
      "servers": [
        ""
      ],
      "risk": "",
      "impact": "",
      "variable": [
        "account=\"\""
      ]
    }
  ],
  "ASISA": [
    {
      "object": "",
      "owner": "",
      "tipo": "",
      "ownerGroup": "",
      "user": [
        "",
        ""
      ],
      "code": "",
      "servers": [
        ""
      ],
      "risk": "",
      "impact": "",
      "variable": [
        "account=\"\""
      ]
    }
  ],
  "FT": [
    {
      "object": "aotipat1",
      "owner": "CACF",
      "tipo": "/S/",
      "ownerGroup": "Group FT Linux",
      "user": [
        "Group FT Linux"
      ],
      "code": "2-DOC",
      "servers": [
        "ALL servers"
      ],
      "risk": "GENERICO / MAXAGE / IBM",
      "impact": "GENERICO / MAXAGE / IBM",
      "variable": [
        "Usuario para el proceso de Compliance"
      ]
    }
  ],
  "LBK": [
    {
      "object": "indus",
      "owner": "Customer",
      "tipo": "/C/",
      "ownerGroup": "CUSTOMER",
      "user": [
        "Customer"
      ],
      "code": "2-DOC",
      "servers": [
        "ALL servers"
      ],
      "risk": "GENERICO",
      "impact": "GENERICO",
      "variable": [
        ""
      ]
    },
    {
      "object": "nodejs",
      "owner": "Customer",
      "tipo": "/C/",
      "ownerGroup": "CUSTOMER",
      "user": [
        "Customer"
      ],
      "code": "2-DOC",
      "servers": [
        "ALL servers"
      ],
      "risk": "GENERICO",
      "impact": "GENERICO",
      "variable": [
        ""
      ]
    },
    {
      "object": "nodejsarq",
      "owner": "Customer",
      "tipo": "/C/",
      "ownerGroup": "CUSTOMER",
      "user": [
        "Customer"
      ],
      "code": "2-DOC",
      "servers": [
        "ALL servers"
      ],
      "risk": "GENERICO",
      "impact": "GENERICO",
      "variable": [
        ""
      ]
    }
  ]
}