{
    "INFRA": [
        {
            "object": "/home/ncosftp/.ssh/authorized_keys",
            "owner": "ncosftp",
            "tipo": "/F/",
            "ownerGroup": "Monitorización",
            "user": [
                "MARIA CRUZ TERCIADO TERCIADO"
            ],
            "code": "2-DOC",
            "servers": [
                "ES06FNI03CS01XG"
            ],
            "risk": "We don't run any risk with leaving it like this. It is impossible to copy the file id_rsa, take it to another machine and connect without password because on the target machine (ES01PNI03CS01XG) the authorized_keys is configured to only support connections without password from the source (ES06FNI03CS01XG)",
            "impact": "If you set up id_rsa with passphrase the script that controls the HA of the JDBC GW would stop working, you could not control which machine is running and you could not copy the cache files. This could lead to BBDD corruption failures in DB2.",
            "variable": [
                ""
            ],
            "SO": "AIX"
        },
        {
            "object": "/home/ncosys/.ssh/authorized_keys",
            "owner": "ncosys",
            "tipo": "/F/",
            "ownerGroup": "Monitorización",
            "user": [
                "MARIA CRUZ TERCIADO TERCIADO"
            ],
            "code": "2-DOC",
            "servers": [
                "ALL servers"
            ],
            "risk": "GENERICO",
            "impact": "GENERICO",
            "variable": [
                ""
            ],
            "SO": "AIX"
        },
        {
            "object": "/home/icouxat2/.ssh/authorized_keys",
            "owner": "icouxat2",
            "tipo": "/F/",
            "ownerGroup": "Sistemas",
            "user": [
                "Grupo de SO"
            ],
            "code": "1-OK",
            "servers": [
                "ALL servers"
            ],
            "risk": "",
            "impact": "",
            "variable": [
                "file_authorized=\"/home/icouxat2/.ssh/authorized_keys\"",
                "from=\"129.39.41.5,129.39.41.6\""
            ],
            "SO": "LINUX"
        },
        {
            "object": "/home/icouxat1/.ssh/authorized_keys",
            "owner": "icouxat1",
            "tipo": "/F/",
            "ownerGroup": "Sistemas",
            "user": [
                "Grupo de SO"
            ],
            "code": "1-OK",
            "servers": [
                "ALL servers"
            ],
            "risk": "",
            "impact": "",
            "variable": [
                "file_authorized=\"/home/icouxat1/.ssh/authorized_keys\"",
                "from=\"129.39.41.5,129.39.41.6\""
            ],
            "SO": "LINUX"
        }
    ]
}