{
  "AFB": [
    {
      "object": "",
      "owner": "",
      "tipo": "",
      "ownerGroup": "",
      "user": [
        "",
        ""
      ],
      "code": "",
      "servers": [
        ""
      ],
      "risk": "",
      "impact": "",
      "variable": [
        "fd_sudo=\"\""
      ],
      "SO": "Linux"
    }
  ],
  "ASISA": [
    {
      "object": "",
      "owner": "",
      "tipo": "",
      "ownerGroup": "",
      "user": [
        "",
        ""
      ],
      "code": "",
      "servers": [
        ""
      ],
      "risk": "",
      "impact": "",
      "variable": [
        "fd_sudo=\"\""
      ],
      "SO": "Linux"
    }
  ],
  "FT": [
    {
      "object": "/ogg_mdg/ggate",
      "owner": "ogg_mdg",
      "tipo": "/C/",
      "ownerGroup": "Customer",
      "user": [
        "Customer",
        ""
      ],
      "code": "2-DOC",
      "servers": [
        "All server"
      ],
      "risk": "GENERICO",
      "impact": "GENERICO",
      "variable": [
        ""
      ],
      "SO": "Linux"
    },
    {
      "object": "",
      "owner": "",
      "tipo": "",
      "ownerGroup": "",
      "user": [
        "",
        ""
      ],
      "code": "",
      "servers": [
        ""
      ],
      "risk": "",
      "impact": "",
      "variable": [
        "fd_sudo=\"\""
      ],
      "SO": "Linux"
    }
  ],
  "INFRA": [
    {
      "object": "",
      "owner": "",
      "tipo": "",
      "ownerGroup": "",
      "user": [
        "",
        ""
      ],
      "code": "",
      "servers": [
        ""
      ],
      "risk": "",
      "impact": "",
      "variable": [
        "fd_sudo=\"\""
      ],
      "SO": "Linux"
    },
    {
      "object": "",
      "owner": "",
      "tipo": "",
      "ownerGroup": "",
      "user": [
        "",
        ""
      ],
      "code": "",
      "servers": [
        ""
      ],
      "risk": "",
      "impact": "",
      "variable": [
        "fd_sudo=\"\""
      ],
      "SO": "Linux"
    }
  ]
}