[
    {
        "modulo": "Protecting Resources-OSRs/Log File Restrictions",
        "clave": "WTMP",
        "descripcion": "Invalid Permissions or Ownership for log file: /var/log/wtmp;   -rw-rw-r--.;  owner:  root;   group:  utmp. For more information see rule description.",
        "comprobacion": "##Se le debe quitar W al grupo.",
        "copia": "",
        "editar": "##Quitar permisos:\n\nchmod g-w /var/log/wtmp\n\n##-------------------------------------------------------------------------------\n##Dejar esta linea para REHL 7:\n##-------------------------------------------------------------------------------\n\n##Editar:\nvi /lib/tmpfiles.d/var.conf\n\n##Debe quedar la linea asi:\nf /var/log/wtmp 0644 root utmp -\n\n##-------------------------------------------------------------------------------\n##Dejar esta linea para REHL 6\n##-------------------------------------------------------------------------------\n\n##Editar:\nvi /etc/rc.sysinit\n\n##Dejar la linea asi:\nchmod 0644 /var/run/utmp /var/log/wtmp",
        "refrescar": "",
        "evidencia": "clear\ndate\nhostname\nls -la /var/log/wtmp\ncat /lib/tmpfiles.d/var.conf | grep -w wtmp",
        "SO": "Linux"
    },
    {
        "modulo": "Filesystem Configuration/nodev option set on \tmp partition",
        "clave": "",
        "descripcion": "Ensure nodev option set on /tmp partition if it exist",
        "comprobacion": "",
        "copia": "",
        "editar": "",
        "refrescar": "",
        "evidencia": "",
        "SO": "Linux"
    },
    {
        "modulo": "Filesystem Configuration/nosuid option set on \tmp partition",
        "clave": "",
        "descripcion": "Ensure nosuid option set on /tmp partition if it exist",
        "comprobacion": "",
        "copia": "",
        "editar": "",
        "refrescar": "",
        "evidencia": "",
        "SO": "Linux"
    },
    {
        "modulo": "Filesystem Configuration/noexec option set on \tmp partition",
        "clave": "",
        "descripcion": "Ensure noexec option set on /tmp partition if it exist",
        "comprobacion": "",
        "copia": "",
        "editar": "",
        "refrescar": "",
        "evidencia": "",
        "SO": "Linux"
    },
    {
        "modulo": "Filesystem Configuration/nodev option set on \\home partition",
        "clave": "",
        "descripcion": "Ensure nodev option set on /home partition if it exist",
        "comprobacion": "",
        "copia": "",
        "editar": "",
        "refrescar": "",
        "evidencia": "",
        "SO": "Linux"
    },
    {
        "modulo": "Filesystem Configuration/noexec option set on \\dev\\shm partition",
        "clave": "",
        "descripcion": "Ensure noexec option set on /dev/shm partition if it exist",
        "comprobacion": "",
        "copia": "",
        "editar": "",
        "refrescar": "",
        "evidencia": "",
        "SO": "Linux"
    },
    {
        "modulo": "Filesystem Configuration/Disable filesystem type cramfs",
        "clave": "",
        "descripcion": "Filesystem type \"cramfs\" is enabled. It should be disabled if not needed",
        "comprobacion": "",
        "copia": "",
        "editar": "",
        "refrescar": "",
        "evidencia": "",
        "SO": "Linux"
    },
    {
        "modulo": "Filesystem Configuration/Disable filesystem type squashfs",
        "clave": "",
        "descripcion": "Filesystem type \"squashfs\" is enabled. It should be disabled if not needed",
        "comprobacion": "",
        "copia": "",
        "editar": "",
        "refrescar": "",
        "evidencia": "",
        "SO": "Linux"
    },
    {
        "modulo": "Filesystem Configuration/Disable filesystem type udf",
        "clave": "",
        "descripcion": "Filesystem type \"udf\" is enabled. It should be disabled if not needed",
        "comprobacion": "",
        "copia": "",
        "editar": "",
        "refrescar": "",
        "evidencia": "",
        "SO": "Linux"
    },
    {
        "modulo": "Password Requirements/Automatic Logoff support shells",
        "clave": "",
        "descripcion": "/usr/bin/tmux.\n/bin/tmux.\nEnsure that /etc/shells only allows users to select shells which support time out.",
        "comprobacion": "",
        "copia": "",
        "editar": "",
        "refrescar": "",
        "evidencia": "",
        "SO": "Linux"
    },
    {
        "modulo": "Protecting Resources-OSRs/Set gpgcheck in yum file",
        "clave": "",
        "descripcion": "Set gpgcheck=1 in /etc/yum.conf file",
        "comprobacion": "",
        "copia": "",
        "editar": "",
        "refrescar": "",
        "evidencia": "",
        "SO": "Linux"
    },
    {
        "modulo": "AD.1.9.1.4 Protecting Resources - User Resources",
        "clave": "IBMSINIT.CSH",
        "descripcion": "File /etc/profile.d/IBMsinit.csh must exist.",
        "comprobacion": "##Debe existir /etc/profile.d/IBMsinit.csh y contener el correcto script para UMASK.\n\nls -l /etc/profile.d/IBMsinit.csh\ncat /etc/profile.d/IBMsinit.csh",
        "copia": "##Obtener usuario logueado:\nuser=$(logname)\n\n##-------------------------------------------------------------------------------\n##Backup con HOME en MAYÚSCULAS\n##-------------------------------------------------------------------------------\n\ncp -p /etc/profile.d/IBMsinit.csh /home/${user^^}/IBMsinit.csh_`date +%d%m%y`\n\ncd /home/${user^^}/\nls -la\n\n##-------------------------------------------------------------------------------\n##Backup con HOME en minúsculas\n##-------------------------------------------------------------------------------\n\ncp -p /etc/profile.d/IBMsinit.csh /home/${user,,}/IBMsinit.csh_`date +%d%m%y`\n\ncd /home/${user,,}/\nls -la",
        "editar": "##Creamos fichero y asignamos los correctos permisos.\n\ntouch /etc/profile.d/IBMsinit.csh\nchmod 0755 /etc/profile.d/IBMsinit.csh\n\n##Editar y añadir el siguiente SCRIPT:\n\nvi /etc/profile.d/IBMsinit.csh\n\n#--------- begin IBMsinit.csh ---------#\nif ($uid > 199) then\n    umask 077\nendif\n#--------- end IBMsinit.csh  ---------#\n\n##Ademas debemos implementar la invocacion a la llamada del fichero.\n##La invocacion se implementa en la ultima linea.\n\nvi  /etc/csh.login\nsource /etc/profile.d/IBMsinit.csh",
        "refrescar": "",
        "evidencia": "clear\ndate\nhostname\ncat /etc/profile.d/IBMsinit.csh\ncat /etc/csh.login  | grep -i  IBMsinit.csh\nls -l /etc/profile.d/IBMsinit.csh",
        "SO": "Linux"
    },
    {
        "modulo": "Network Settings/TCP Configuration Files Restrictions",
        "clave": "SYSCTL",
        "descripcion": "Incorrect /etc/sysctl.conf or proc files setting for\n\nnet.ipv4.conf.all.accept_source_route: 1 should be 0\nnet.ipv4.conf.all.secure_redirects: 1 should be 0\nnet.ipv4.conf.default.secure_redirects: 1 should be 0\nnet.ipv4.conf.all.log_martians: 0 should be 1\nnet.ipv4.ip_forward: 1 should be 0\nnet.ipv4.conf.default.log_martians: 0 should be 1\nnet.ipv4.conf.all.rp_filter: 0 should be 1\nnet.ipv6.conf.all.accept_ra: 1 should be 0\nnet.ipv6.conf.default.accept_ra: 1 should be 0\nnet.ipv6.conf.all.accept_redirects: 1 should be 0\nnet.ipv6.conf.default.accept_redirects: 1 should be 0",
        "comprobacion": "",
        "copia": "",
        "editar": "##Para hacer el cambio:\n\n/sbin/sysctl -w net.ipv4.conf.all.secure_redirects=0\n/sbin/sysctl -w net.ipv4.conf.default.secure_redirects=0\n/sbin/sysctl -w net.ipv4.conf.all.log_martians=1\n/sbin/sysctl -w net.ipv4.conf.default.log_martians=1\n/sbin/sysctl -w net.ipv4.conf.all.rp_filter=1\n/sbin/sysctl -w net.ipv4.conf.default.rp_filter=1\n/sbin/sysctl -w net.ipv6.conf.all.accept_ra=0\n/sbin/sysctl -w net.ipv6.conf.default.accept_ra=0\n/sbin/sysctl -w net.ipv6.conf.all.accept_redirects=0\n/sbin/sysctl -w net.ipv6.conf.default.accept_redirects=0\n/sbin/sysctl -w net.ipv4.ip_forward=0\n/sbin/sysctl -w net.ipv4.conf.default.accept_source_route=0\n/sbin/sysctl -w net.ipv4.conf.all.accept_source_route=0",
        "refrescar": "\n\nsysctl -p",
        "evidencia": "clear\ndate\nhostname\n/sbin/sysctl -a |grep -i \"net.ipv4.conf.all.accept_source_route\"\n/sbin/sysctl -a |grep -i \"net.ipv4.conf.all.secure_redirects\"\n/sbin/sysctl -a |grep -i \"net.ipv4.conf.default.secure_redirects\"\n/sbin/sysctl -a |grep -i \"net.ipv4.conf.all.log_martians\"\n/sbin/sysctl -a |grep -i \"net.ipv4.conf.default.log_martians\"\n/sbin/sysctl -a |grep -i \"net.ipv4.conf.all.rp_filter\"\n/sbin/sysctl -a |grep -i \"net.ipv4.conf.default.rp_filter\"\n/sbin/sysctl -a |grep -i \"net.ipv4.conf.default.accept_source_route\"\n/sbin/sysctl -a |grep -i \"net.ipv6.conf.all.accept_ra\"\n/sbin/sysctl -a |grep -i \"net.ipv6.conf.default.accept_ra\"\n/sbin/sysctl -a |grep -i \"net.ipv6.conf.all.accept_redirects\"\n/sbin/sysctl -a |grep -i \"net.ipv6.conf.default.accept_redirects\"\n/sbin/sysctl -a |grep -i \"net.ipv4.ip_forward\"",
        "SO": "Linux"
    },
    {
        "modulo": "Password Requirements/Automatic Logoff IBMsinit sh TMOUT",
        "clave": "TMOUT",
        "descripcion": "/etc/profile.d/IBMsinit.sh Default: Set systems to terminate a session after 21600 seconds of inactivity. File must  contain \"TMOUT=21600\" followed by \"export TMOUT\". A shorter time frame may be specified.",
        "comprobacion": "##En /etc/profile.d/IBMsinit.sh, al final del SCRIPT de UMASK\n##Debe tener un TMOUT\n(\"TMOUT solo debe estar implementado en 'IBMsinit.sh'\"):\n\ncat /etc/profile.d/IBMsinit.sh\n\n##SET muestra el valor global:\nset | grep OUT",
        "copia": "##Obtener usuario logueado:\nuser=$(logname)\n\n##-------------------------------------------------------------------------------\n##Backup con HOME en MAYÚSCULAS\n##-------------------------------------------------------------------------------\n\ncp -p /etc/profile.d/IBMsinit.sh /home/${user^^}/IBMsinit.sh_`date +%d%m%y`\n\ncd /home/${user^^}/\nls -la\n\n##-------------------------------------------------------------------------------\n##Backup con HOME en minúsculas\n##-------------------------------------------------------------------------------\n\ncp -p /etc/profile.d/IBMsinit.sh /home/${user,,}/IBMsinit.sh_`date +%d%m%y`\n\ncd /home/${user,,}/\nls -la",
        "editar": "vi /etc/profile.d/IBMsinit.sh\n\n##Añadir al final de SCRIPT:\n\nTMOUT=21600\nexport TMOUT",
        "refrescar": "",
        "evidencia": "##SET muestra el valor global('comprobar en otra seccion'):\n\nclear\ndate\nhostname\ncat /etc/profile.d/IBMsinit.sh\nset | grep OUT",
        "SO": "Linux"
    },
    {
        "modulo": "Protecting Resources-mixed/Ensure sticky bit is set on all world-writable directories",
        "clave": "STICKY",
        "descripcion": "Sticky bit is not set on world-writable directory: /home/ess01012/RHEL",
        "comprobacion": "",
        "copia": "",
        "editar": "",
        "refrescar": "",
        "evidencia": "",
        "SO": "Linux"
    },
    {
        "modulo": "Network Settings/Ensure LDAP Server is not enabled",
        "clave": "LDAP",
        "descripcion": "Ensure  LDAP Server is not enabled. Command: systemctl is-enabled slapd",
        "comprobacion": "",
        "copia": "",
        "editar": "",
        "refrescar": "",
        "evidencia": "",
        "SO": "Linux"
    },
    {
        "modulo": "Password Requirements/\\etc\\profile IBMsinit sh",
        "clave": "IBMSINIT.SH",
        "descripcion": "/etc/profile should not set/reset the time out control after '. /etc/profile.d/IBMsinit.sh' invocation.",
        "comprobacion": "##No deben existir 2 controles TMOUT en el servidor.\n##Revisar en /etc/profile, si tiene un TMOUT definido\n\ncat /etc/profile | grep TMOUT\n\n##En /etc/profile.d/IBMsinit.sh, al final del SCRIPT de UMASK\n##Debe tener un TMOUT:\n\ncat /etc/profile.d/IBMsinit.sh",
        "copia": "##Obtener usuario logueado:\nuser=$(logname)\n\n##-------------------------------------------------------------------------------\n##Backup con HOME en MAYÚSCULAS\n##-------------------------------------------------------------------------------\n\ncp -p /etc/profile.d/IBMsinit.sh /home/${user^^}/IBMsinit.sh_`date +%d%m%y`\n\ncd /home/${user^^}/\nls -la\n\n##-------------------------------------------------------------------------------\n##Backup con HOME en minúsculas\n##-------------------------------------------------------------------------------\n\ncp -p /etc/profile.d/IBMsinit.sh /home/${user,,}/IBMsinit.sh_`date +%d%m%y`\n\ncd /home/${user,,}/\nls -la",
        "editar": "##Eliminar/Comentar la entrada TMOUT en /etc/profile.\n\nvi /etc/profile",
        "refrescar": "",
        "evidencia": "clear\ndate\nhostname\ncat /etc/profile | grep TMOUT\ncat /etc/profile.d/IBMsinit.sh",
        "SO": "Linux"
    },
    {
        "modulo": "Password Requirements/Automatic Logoff IBMsinit csh autologout",
        "clave": "AUTOLOGOUT",
        "descripcion": "/etc/profile.d/IBMsinit.csh Default: Set systems to terminate a session after 360 minutes of inactivity. File must contain \"set autologout=360\". A shorter time frame may be specified.",
        "comprobacion": "##En /etc/profile.d/IBMsinit.csh, al final del SCRIPT de UMASK\n##Debe tener un autologout\n(\"autologout solo debe estar implementado en 'IBMsinit.csh'\"):\n\ncat /etc/profile.d/IBMsinit.csh",
        "copia": "##Obtener usuario logueado:\nuser=$(logname)\n\n##-------------------------------------------------------------------------------\n##Backup con HOME en MAYÚSCULAS\n##-------------------------------------------------------------------------------\n\ncp -p /etc/profile.d/IBMsinit.csh /home/${user^^}/IBMsinit.csh_`date +%d%m%y`\n\ncd /home/${user^^}/\nls -la\n\n##-------------------------------------------------------------------------------\n##Backup con HOME en minúsculas\n##-------------------------------------------------------------------------------\n\ncp -p /etc/profile.d/IBMsinit.csh /home/${user,,}/IBMsinit.csh_`date +%d%m%y`\n\ncd /home/${user,,}/\nls -la",
        "editar": "vi /etc/profile.d/IBMsinit.csh\n\n##Añadir al final de SCRIPT:\n\nset autologout=360",
        "refrescar": "",
        "evidencia": "clear\ndate\nhostname\ncat /etc/profile.d/IBMsinit.csh",
        "SO": "Linux"
    },
    {
        "modulo": "Password Requirements/Login Retries",
        "clave": "PAM_TALLY",
        "descripcion": "Non of the Login Retrie options was found in file:\n/etc/pam.d/password-auth\n/etc/pam.d/system-auth",
        "comprobacion": "##Hace referencia al 'pam_tally2.so' en RHEL7, y al 'pam_faillock.so'  en RHEL8.\n\n##Saber que versión de RHEL es:\ncat /etc/*release\n\n#-*** Saber que PAM_TALLY USA ****-#\nls -ltr /lib64/security/pam_tally*\n\n#-*** Saber que PAM_FAILLOCK USA ****-#\nls -la /usr/sbin/faillock\n\n##-------------------------------------------------------------------------------\n##--- RHEL 7('system-auth','password-auth')\n##-------------------------------------------------------------------------------\n\n\n##Los ficheros del PAM, deben tener en el modulo 'auth required', el parámetro 'pam_tally2.so'\n\n##Los ficheros del PAM, deben tener en el modulo 'account required', el parámetro 'pam_tally2.so'\n\ncat /etc/pam.d/system-auth | grep pam_tally\ncat /etc/pam.d/password-auth | grep pam_tally\n\n##-------------------------------------------------------------------------------\n##--- RHEL 8 ('system-auth','password-auth')\n##-------------------------------------------------------------------------------\n\n\n##Los ficheros del PAM, deben tener en el modulo 'auth required', el parámetro 'pam_faillock.so'\n\n##Los ficheros del PAM, deben tener en el modulo 'account required', el parámetro 'pam_faillock.so'\n\ncat /etc/pam.d/system-auth | grep pam_faillock.so\ncat /etc/pam.d/password-auth | grep pam_faillock.so",
        "copia": "##Obtener usuario logueado:\nuser=$(logname)\n\n##-------------------------------------------------------------------------------\n##Backup con HOME en MAYÚSCULAS\n##-------------------------------------------------------------------------------\n\ncp -p /etc/pam.d/system-auth /home/${user^^}/system-auth_`date +%d%m%y`\n\ncp -p /etc/pam.d/password-auth /home/${user^^}/password-auth_`date +%d%m%y`\n\ncd /home/${user^^}/\nls -la\n\n##-------------------------------------------------------------------------------\n##Backup con HOME en minúsculas\n##-------------------------------------------------------------------------------\n\ncp -p /etc/pam.d/system-auth /home/${user,,}/system-auth_`date +%d%m%y`\n\ncp -p /etc/pam.d/password-auth /home/${user,,}/password-auth_`date +%d%m%y`\n\ncd /home/${user,,}/\nls -la",
        "editar": "##-------------------------------------------------------------------------------\n##--- RHEL 7 ('system-auth','password-auth')\n##-------------------------------------------------------------------------------\n\n##Añadir en el modulo 'auth required', el parámetro 'pam_tally2.so'.\n##Se debe añadir en la primera linea del modulo.\n##('se aconseja remplazar la linea, si existe el parámetro').\n\nvi /etc/pam.d/system-auth\n\nauth        required      pam_tally2.so deny=5\n\n##Añadir en el modulo 'account required', el parámetro 'pam_tally2.so'.\n##Se debe añadir en la primera linea del modulo.\n##('se aconseja remplazar la linea, si existe el parámetro').\n\naccount     required      pam_tally2.so\n\n##Lo mismo con 'password-auth'\nvi /etc/pam.d/password-auth\n\n##-------------------------------------------------------------------------------\n##--- RHEL 8 ('system-auth','password-auth')\n##-------------------------------------------------------------------------------\n\n##Añadir en el modulo 'auth required', el parámetro 'pam_faillock.so'.\n##Se debe añadir en la primera linea del modulo.\n##('se aconseja remplazar la linea, si existe el parámetro').\n\nvi /etc/pam.d/system-auth\n\nauth        required        pam_faillock.so preauth silent deny=5 unlock_time=0\n\n##Ademas se debe añadir la siguiente linea, por encima de 'auth required pam_deny.so'\n\nauth        [default=die] pam_faillock.so authfail deny=5 unlock_time=0\n\n##Añadir en el modulo 'account required', el parámetro 'pam_faillock.so'.\n##Se debe añadir en la primera linea del modulo.\n##('se aconseja remplazar la linea, si existe el parámetro').\n\naccount     required      pam_faillock.so\n\n##Lo mismo con 'password-auth'\nvi /etc/pam.d/password-auth\n\n",
        "refrescar": "",
        "evidencia": "##-------------------------------------------------------------------------------\n##--- RHEL 7('system-auth','password-auth')\n##-------------------------------------------------------------------------------\nclear\ndate;hostname\ncat /etc/*release | grep -i release\ncat /etc/pam.d/system-auth | egrep \"pam_tally\" \ncat /etc/pam.d/password-auth | egrep \"pam_tally\"\n\n##-------------------------------------------------------------------------------\n##--- RHEL 8 ('system-auth','password-auth')\n##-------------------------------------------------------------------------------\nclear\ndate;hostname\ncat /etc/*release | grep -i release\ncat /etc/pam.d/system-auth | egrep \"pam_faillock\" \ncat /etc/pam.d/password-auth | egrep \"pam_faillock\"",
        "SO": "Linux"
    },
    {
        "modulo": "Password Requirements/Password History",
        "clave": "REMEMBER",
        "descripcion": "PAM service file: /etc/pam.d/password-auth\nPAM service file: /etc/pam.d/system-auth\nMust have \"password sufficient pam_unix.so\" stanza with \"remember=8\" parameter. \"sufficient\" can be replaced with \"required\".",
        "comprobacion": "##Hace referencia al 'remember' en RHEL7 y RHEL8.\n\n##Saber que versión de RHEL es:\ncat /etc/*release\n\n#-***# Saber que PAM_TALLY USA #****-#\nls -ltr /lib64/security/pam_tally*\n\n#-*** Saber que PAM_FAILLOCK USA ****-#\nls -la /usr/sbin/faillock\n\n##-------------------------------------------------------------------------------\n##--- RHEL 7 & RHEL 8 ('system-auth','password-auth')\n##-------------------------------------------------------------------------------\n\n##Los ficheros del PAM, deben tener en el modulo 'password    sufficient    pam_unix.so', el parámetro 'remember=8'\n\ncat /etc/pam.d/system-auth | grep remember\ncat /etc/pam.d/password-auth | grep remember\n",
        "copia": "##Obtener usuario logueado:\nuser=$(logname)\n\n##-------------------------------------------------------------------------------\n##Backup con HOME en MAYÚSCULAS\n##-------------------------------------------------------------------------------\n\ncp -p /etc/pam.d/system-auth /home/${user^^}/system-auth_`date +%d%m%y`\n\ncp -p /etc/pam.d/password-auth /home/${user^^}/password-auth_`date +%d%m%y`\n\ncd /home/${user^^}/\nls -la\n\n##-------------------------------------------------------------------------------\n##Backup con HOME en minúsculas\n##-------------------------------------------------------------------------------\n\ncp -p /etc/pam.d/system-auth /home/${user,,}/system-auth_`date +%d%m%y`\n\ncp -p /etc/pam.d/password-auth /home/${user,,}/password-auth_`date +%d%m%y`\n\ncd /home/${user,,}/\nls -la",
        "editar": "##-------------------------------------------------------------------------------\n##--- RHEL 7 & RHEL 8 ('system-auth','password-auth')\n##-------------------------------------------------------------------------------\n\n##Añadir en el modulo 'password    sufficient    pam_unix.so', el parámetro 'remember=8'.\n##Se debe añadir en la segunda linea del modulo.\n##('se aconseja remplazar toda la linea, del modulo 'password    sufficient    pam_unix.so').\n\nvi /etc/pam.d/system-auth\n\npassword    sufficient    pam_unix.so remember=8 use_authtok sha512 shadow try_first_pass\n\n##Lo mismo con 'password-auth'\nvi /etc/pam.d/password-auth\n",
        "refrescar": "",
        "evidencia": "##-------------------------------------------------------------------------------\n##--- RHEL 7 & RHEL 8 ('system-auth','password-auth')\n##-------------------------------------------------------------------------------\nclear\ndate;hostname\ncat /etc/*release | grep -i release\ncat /etc/pam.d/system-auth | egrep \"remember\" \ncat /etc/pam.d/password-auth | egrep \"remember\"\n",
        "SO": "Linux"
    },
    {
        "modulo": "Encryption/Password Encryption Required",
        "clave": "SHA512",
        "descripcion": "/etc/pam.d/password-auth.\n/etc/pam.d/system-auth.\nAny file in /etc/pam.d containing \"password sufficient pam_unix.so\" stanza must carry the \"sha512 shadow\" options.\n\nIncorrect or missing pam_unix.so module stanza. For more information see coverage matrix document",
        "comprobacion": "##Hace referencia al parametro 'sha512 shadow ' en RHEL7 y RHEL8.\n\n##Saber que versión de RHEL es:\ncat /etc/*release\n\n#-*** Saber que PAM_TALLY USA ****-#\nls -ltr /lib64/security/pam_tally*\n\n#-*** Saber que PAM_FAILLOCK USA ****-#\nls -la /usr/sbin/faillock\n\n##-------------------------------------------------------------------------------\n##--- RHEL 7 & RHEL 8 ('system-auth','password-auth')\n##-------------------------------------------------------------------------------\n\n\n##Los ficheros del PAM, deben tener en el modulo 'password    sufficient    pam_unix.so', el parámetro 'sha512 shadow '\n\ncat /etc/pam.d/system-auth | egrep \"sha512|shadow\"\ncat /etc/pam.d/password-auth | egrep \"sha512|shadow\"\n\n##Modulo similiar : 'Password Requirements/Password History'",
        "copia": "##Obtener usuario logueado:\nuser=$(logname)\n\n##-------------------------------------------------------------------------------\n##Backup con HOME en MAYÚSCULAS\n##-------------------------------------------------------------------------------\n\ncp -p /etc/pam.d/system-auth /home/${user^^}/system-auth_`date +%d%m%y`\n\ncp -p /etc/pam.d/password-auth /home/${user^^}/password-auth_`date +%d%m%y`\n\ncd /home/${user^^}/\nls -la\n\n##-------------------------------------------------------------------------------\n##Backup con HOME en minúsculas\n##-------------------------------------------------------------------------------\n\ncp -p /etc/pam.d/system-auth /home/${user,,}/system-auth_`date +%d%m%y`\n\ncp -p /etc/pam.d/password-auth /home/${user,,}/password-auth_`date +%d%m%y`\n\ncd /home/${user,,}/\nls -la",
        "editar": "##-------------------------------------------------------------------------------\n##--- RHEL 7 & RHEL 8 ('system-auth','password-auth')\n##-------------------------------------------------------------------------------\n\n##Añadir en el modulo 'password    sufficient    pam_unix.so', el parámetro 'sha512 shadow'.\n##Remplazar 'md5' por 'sha512'\n\n##Se debe añadir en la segunda linea del modulo.\n##('se aconseja remplazar toda la linea, del modulo 'password    sufficient    pam_unix.so').\n\nvi /etc/pam.d/system-auth\n\npassword    sufficient    pam_unix.so remember=8 use_authtok sha512 shadow try_first_pass\n\n##Lo mismo con 'password-auth'\nvi /etc/pam.d/password-auth\n",
        "refrescar": "",
        "evidencia": "##-------------------------------------------------------------------------------\n##--- RHEL 7 & RHEL 8 ('system-auth','password-auth')\n##-------------------------------------------------------------------------------\nclear\ndate;hostname\ncat /etc/*release | grep -i release\ncat /etc/pam.d/system-auth | egrep \"sha512|shadow\"\ncat /etc/pam.d/password-auth | egrep \"sha512|shadow\"\n",
        "SO": "Linux"
    }
]