[
    {
        "modulo": "Protecting Resources-OSRs/Log File Restrictions",
        "clave": "WTMP",
        "descripcion": "Invalid Permissions or Ownership for log file: /var/log/wtmp;   -rw-rw-r--.;  owner:  root;   group:  utmp. For more information see rule description.",
        "comprobacion": "## Se le debe quitar W al grupo.\n\n+-------------------------------------------------------------------------------+\n## Comprobar que en logrotate.conf, tenga permisosa 0644\n+-------------------------------------------------------------------------------+\n\ncat /etc/logrotate.conf | grep -w wtmp -A4",
        "copia": "## Obtener usuario logueado:\n\nuser=$(logname)\n\n+-------------------------------------------------------------------------------+\n## Backup con HOME en MAYÚSCULAS\n+-------------------------------------------------------------------------------+\n\ncp -p /etc/logrotate.conf /home/${user^^}/logrotate.conf_`date +%d%m%y_%T`\n\n+-------------------------------------------------------------------------------+\n## Backup con HOME en minúsculas\n+-------------------------------------------------------------------------------+\n\ncp -p /etc/logrotate.conf /home/${user,,}/logrotate.conf_`date +%d%m%y_%T`",
        "editar": "+-------------------------------------------------------------------------------+\n## Quitar permisos\n+-------------------------------------------------------------------------------+\n\nchmod g-w /var/log/wtmp\n\n+-------------------------------------------------------------------------------+\n## Dejar esta linea para REHL 7:\n+-------------------------------------------------------------------------------+\n\n## Editar:\n\nvi /lib/tmpfiles.d/var.conf\n\n## Debe quedar la linea asi:\n\nf /var/log/wtmp 0644 root utmp -\n\n+-------------------------------------------------------------------------------+\n## Dejar esta linea para REHL 6\n+-------------------------------------------------------------------------------+\n\n## Editar:\n\nvi /etc/rc.sysinit\n\n## Dejar la linea asi:\n\nchmod 0644 /var/run/utmp /var/log/wtmp\n\n+-------------------------------------------------------------------------------+\n## Corregir los permisos en logrotate.conf, en create de wtmp\n+-------------------------------------------------------------------------------+\n\nvi /etc/logrotate.conf\n\n+-------------------------------------------------------------------------------+\n## Modificar los permisos de 0664, a 0644, al fichero /var/log/wtmp\n+-------------------------------------------------------------------------------+",
        "refrescar": null,
        "evidencia": "clear\ndate\nhostname\nls -la /var/log/wtmp\ncat /lib/tmpfiles.d/var.conf | grep -w wtmp\ncat /etc/logrotate.conf | grep -w wtmp -A4",
        "SO": "Linux"
    },
    {
        "modulo": "Filesystem Configuration/nodev option set on /tmp partition",
        "clave": "NODEVTMP",
        "descripcion": "Ensure nodev option set on /tmp partition if it exist",
        "comprobacion": "## Si existe una partición de `/tmp`, ejecute el siguiente comando \n## Y verifique que la opción `nodev` esté establecida en `/tmp`\n\n## Puede estar montado como filesystem de disco o filesystem de ram\n\n+-------------------------------------------------------------------------------+\n## FS de DISCO\n+-------------------------------------------------------------------------------+\n\nmount | grep /tmp\n\n## En /dev/mapper/ de tipo /tmp (rw, nosuid, nodev, noexec, relatime)\n\n+-------------------------------------------------------------------------------+\n## FS de RAM\n+-------------------------------------------------------------------------------+\n\nmount | grep /tmp\n\n## En tmpfs de tipo /tmp (rw, nosuid, nodev, noexec, relatime)",
        "copia": "## Obtener usuario logueado:\n\nuser=$(logname)\n\n+-------------------------------------------------------------------------------+\n## Backup con HOME en MAYÚSCULAS\n+-------------------------------------------------------------------------------+\n\ncp -p /etc/fstab /home/${user^^}/nodevtmp_`date +%d%m%y_%T`\n\n+-------------------------------------------------------------------------------+\n## Backup con HOME en minúsculas\n+-------------------------------------------------------------------------------+\n\ncp -p /etc/fstab /home/${user,,}/nodevtmp_`date +%d%m%y_%T`\n",
        "editar": "+-------------------------------------------------------------------------------+\n## Edite `/etc/fstab` \n## Para añadir `nodev ` a las opciones de montaje de `/tmp:\n+-------------------------------------------------------------------------------+\n\nvi /etc/fstab\n\n+-------------------------------------------------------------------------------+\n## Debe tener la siguiente linea en:\n+-------------------------------------------------------------------------------+\n\n/tmp              ext4    defaults,noexec,nodev,nosuid        1 2\n\n+-------------------------------------------------------------------------------+\n## Ejecute el siguiente mandato para volver a montar `/tmp`:\n+-------------------------------------------------------------------------------+\n\nmount -o remount,nodev /tmp",
        "refrescar": "mount -o remount,nodev,nosuid,noexec /tmp",
        "evidencia": "clear\ndate\nhostname\nmount | grep /tmp",
        "SO": "Linux"
    },
    {
        "modulo": "Filesystem Configuration/nosuid option set on /tmp partition",
        "clave": "NOSUIDTMP",
        "descripcion": "Ensure nosuid option set on /tmp partition if it exist",
        "comprobacion": "## Si existe una partición de `/tmp`, ejecute el siguiente comando \n## Y verifique que la opción `nosuid` esté establecida en `/tmp`\n\n## Puede estar montado como filesystem de disco o filesystem de ram\n\n+-------------------------------------------------------------------------------+\n## FS de DISCO\n+-------------------------------------------------------------------------------+\n\nmount | grep /tmp\n\n## En /dev/mapper/ de tipo /tmp (rw, nosuid,nodev,noexec, relatime)\n\n+-------------------------------------------------------------------------------+\n## FS de RAM\n+-------------------------------------------------------------------------------+\n\nmount | grep /tmp\n\n## En tmpfs de tipo /tmp (rw, nosuid,nodev,noexec, relatime)",
        "copia": "## Obtener usuario logueado:\n\nuser=$(logname)\n\n+-------------------------------------------------------------------------------+\n## Backup con HOME en MAYÚSCULAS\n+-------------------------------------------------------------------------------+\n\ncp -p /etc/fstab /home/${user^^}/nosuidtmp_`date +%d%m%y_%T`\n\n+-------------------------------------------------------------------------------+\n## Backup con HOME en minúsculas\n+-------------------------------------------------------------------------------+\n\ncp -p /etc/fstab /home/${user,,}/nosuidtmp_`date +%d%m%y_%T`\n",
        "editar": "+-------------------------------------------------------------------------------+\n## Edite `/etc/fstab` \n## Para añadir `nosuid ` a las opciones de montaje de `/tmp:\n+-------------------------------------------------------------------------------+\n\nvi /etc/fstab\n\n+-------------------------------------------------------------------------------+\n## Debe tener la siguiente linea en:\n+-------------------------------------------------------------------------------+\n\n/tmp              ext4    defaults,noexec,nosuid,nodev        1 2\n\n+-------------------------------------------------------------------------------+\n## Ejecute el siguiente mandato para volver a montar `/tmp`:\n+-------------------------------------------------------------------------------+\n\nmount -o remount,nosuid /tmp",
        "refrescar": "mount -o remount,nodev,nosuid,noexec /tmp",
        "evidencia": "clear\ndate\nhostname\nmount | grep /tmp",
        "SO": "Linux"
    },
    {
        "modulo": "Filesystem Configuration/noexec option set on /tmp partition",
        "clave": "NOEXECTMP",
        "descripcion": "Ensure noexec option set on /tmp partition if it exist",
        "comprobacion": "## Si existe una partición de `/tmp`, ejecute el siguiente comando \n## Y verifique que la opción `noexec` esté establecida en `/tmp`\n\n## Puede estar montado como filesystem de disco o filesystem de ram\n\n+-------------------------------------------------------------------------------+\n## FS de DISCO\n+-------------------------------------------------------------------------------+\n\nmount | grep /tmp\n\n## En /dev/mapper/ de tipo /tmp (rw, nosuid,nodev,noexec, relatime)\n\n+-------------------------------------------------------------------------------+\n## FS de RAM\n+-------------------------------------------------------------------------------+\n\nmount | grep /tmp\n\n## En tmpfs de tipo /tmp (rw, nosuid,nodev,noexec, relatime)",
        "copia": "## Obtener usuario logueado:\n\nuser=$(logname)\n\n+-------------------------------------------------------------------------------+\n## Backup con HOME en MAYÚSCULAS\n+-------------------------------------------------------------------------------+\n\ncp -p /etc/fstab /home/${user^^}/noexectmp_`date +%d%m%y_%T`\n\n+-------------------------------------------------------------------------------+\n## Backup con HOME en minúsculas\n+-------------------------------------------------------------------------------+\n\ncp -p /etc/fstab /home/${user,,}/noexectmp_`date +%d%m%y_%T`\n",
        "editar": "+-------------------------------------------------------------------------------+\n## Edite `/etc/fstab` \n## Para añadir `noexec` a las opciones de montaje de `/tmp:\n+-------------------------------------------------------------------------------+\n\nvi /etc/fstab\n\n+-------------------------------------------------------------------------------+\n## Debe tener la siguiente linea en:\n+-------------------------------------------------------------------------------+\n\n/tmp              ext4    defaults,nosuid,nodev,noexec       1 2\n\n+-------------------------------------------------------------------------------+\n## Ejecute el siguiente mandato para volver a montar `/tmp`:\n+-------------------------------------------------------------------------------+\n\nmount -o remount,noexec /tmp",
        "refrescar": "mount -o remount,nodev,nosuid,noexec /tmp",
        "evidencia": "clear\ndate\nhostname\nmount | grep /tmp",
        "SO": "Linux"
    },
    {
        "modulo": "Filesystem Configuration/nodev option set on /home partition",
        "clave": "NODEVHOME",
        "descripcion": "Ensure nodev option set on /home partition if it exist",
        "comprobacion": "## Si existe una partición de `/home`, ejecute el siguiente comando \n## Y verifique que la opción `nodev` esté establecida en `/home`\n\nmount | grep /home\n\n## En /dev/xvdf1 on /home type ext4 (rw,nodev,relatime,data=ordered)",
        "copia": "## Obtener usuario logueado:\n\nuser=$(logname)\n\n+-------------------------------------------------------------------------------+\n## Backup con HOME en MAYÚSCULAS\n+-------------------------------------------------------------------------------+\n\ncp -p /etc/fstab /home/${user^^}/nodevhome_`date +%d%m%y_%T`\n\n+-------------------------------------------------------------------------------+\n## Backup con HOME en minúsculas\n+-------------------------------------------------------------------------------+\n\ncp -p /etc/fstab /home/${user,,}/nodevhome_`date +%d%m%y_%T`\n",
        "editar": "+-------------------------------------------------------------------------------+\n## Edite `/etc/fstab` \n## Para añadir `nodev ` al cuarto campo (opciones de montaje) para la partición \"/home\":\n+-------------------------------------------------------------------------------+\n\nvi /etc/fstab\n\n## Debe tener la siguiente linea\n\n/dev/mapper/rhel-lv_home /home    ext4    defaults,nodev  1 2\n\n+-------------------------------------------------------------------------------+\n## Ejecute el siguiente mandato para volver a montar `/home`:\n+-------------------------------------------------------------------------------+\n\nmount -o remount,nodev /home",
        "refrescar": "mount -o remount,nodev /home",
        "evidencia": "clear\ndate\nhostname\nmount | grep /home",
        "SO": "Linux"
    },
    {
        "modulo": "IZ.C.1.1.14 Filesystem Configuration",
        "clave": "IZ.C.1.1.14",
        "descripcion": "Ensure nodev option set on /home partition if it exist",
        "comprobacion": "## Si existe una partición de `/home`, ejecute el siguiente comando \n## Y verifique que la opción `nodev` esté establecida en `/home`\n\nmount | grep /home\n\n## En /dev/xvdf1 on /home type ext4 (rw,nodev,relatime,data=ordered)",
        "copia": "## Obtener usuario logueado:\n\nuser=$(logname)\n\n+-------------------------------------------------------------------------------+\n## Backup con HOME en MAYÚSCULAS\n+-------------------------------------------------------------------------------+\n\ncp -p /etc/fstab /home/${user^^}/nodevhome_`date +%d%m%y_%T`\n\n+-------------------------------------------------------------------------------+\n## Backup con HOME en minúsculas\n+-------------------------------------------------------------------------------+\n\ncp -p /etc/fstab /home/${user,,}/nodevhome_`date +%d%m%y_%T`\n",
        "editar": "+-------------------------------------------------------------------------------+\n## Edite `/etc/fstab` \n## Para añadir `nodev ` al cuarto campo (opciones de montaje) para la partición \"/home\":\n+-------------------------------------------------------------------------------+\n\nvi /etc/fstab\n\n## Debe tener la siguiente linea\n\n/dev/mapper/rhel-lv_home /home    ext4    defaults,nodev  1 2\n\n+-------------------------------------------------------------------------------+\n## Ejecute el siguiente mandato para volver a montar `/home`:\n+-------------------------------------------------------------------------------+\n\nmount -o remount,nodev /home",
        "refrescar": "mount -o remount,nodev /home",
        "evidencia": "clear\ndate\nhostname\nmount | grep /home",
        "SO": "Linux"
    },
    {
        "modulo": "Filesystem Configuration/noexec option set on /dev/shm partition",
        "clave": "NOEXECSHM",
        "descripcion": "Ensure noexec option set on /dev/shm partition if it exist",
        "comprobacion": "## Ejecute el siguiente mandato\n## Y verifique que la opción `noexec` esté establecida en `/dev/shm` si existe como partición:\n\nmount | grep /dev/shm\n\n## En tmpfs on /dev/shm type tmpfs (rw,nosuid,nodev,noexec,relatime)",
        "copia": "## Obtener usuario logueado:\n\nuser=$(logname)\n\n+-------------------------------------------------------------------------------+\n## Backup con HOME en MAYÚSCULAS\n+-------------------------------------------------------------------------------+\n\ncp -p /etc/fstab /home/${user^^}/noexecshm_`date +%d%m%y_%T`\n\n+-------------------------------------------------------------------------------+\n## Backup con HOME en minúsculas\n+-------------------------------------------------------------------------------+\n\ncp -p /etc/fstab /home/${user,,}/noexecshm_`date +%d%m%y_%T`\n",
        "editar": "+-------------------------------------------------------------------------------+\n## Edite `/etc/fstab` \n## Para añadir `noexec` al cuarto campo (opciones de montaje) para la partición `/dev/shm`:\n+-------------------------------------------------------------------------------+\n\nvi /etc/fstab\n\n## Debe tener la siguiente linea, si no existe *AÑADIRLA*\n\ntmpfs   /dev/shm        tmpfs           defaults,nodev,nosuid,noexec,relatime     0 0\n\n+-------------------------------------------------------------------------------+\n## Ejecute el siguiente mandato para volver a montar `/home`:\n+-------------------------------------------------------------------------------+\n\nmount -o remount,nodev,nosuid,noexec,relatime /dev/shm",
        "refrescar": "mount -o remount,nodev,nosuid,noexec,relatime /dev/shm",
        "evidencia": "clear\ndate\nhostname\nmount | grep /dev/shm",
        "SO": "Linux"
    },
    {
        "modulo": "Filesystem Configuration/Disable filesystem type cramfs",
        "clave": "CRAMFS",
        "descripcion": "Filesystem type \"cramfs\" is enabled. It should be disabled if not needed",
        "comprobacion": "+-------------------------------------------------------------------------------+\n## Ejecute los siguientes mandatos y verifique que la salida sea la indicada:\n+-------------------------------------------------------------------------------+\n\nmodprobe -n -v cramfs \n\n+-------------------------------------------------------------------------------+\n## SALIDA : 'install /bin/true'\n##('esta linea deshabilita el sistema de archivos cramfs')\n+-------------------------------------------------------------------------------+\n\nlsmod | grep cramfs\n\n+-------------------------------------------------------------------------------+\n## SALIDA ('No debe devolver nada')\n+-------------------------------------------------------------------------------+",
        "copia": null,
        "editar": "+-------------------------------------------------------------------------------+\n## Crear archivo de configuración:\n+-------------------------------------------------------------------------------+\n\ntouch /etc/modprobe.d/CIS.conf\nchmod 644 /etc/modprobe.d/CIS.conf\n\n+-------------------------------------------------------------------------------+\n## Edite el fichero de configuración.\n+-------------------------------------------------------------------------------+\n\nvi /etc/modprobe.d/CIS.conf\n\n+-------------------------------------------------------------------------------+\n## Y añada la siguiente linea:\n+-------------------------------------------------------------------------------+\n\ninstall cramfs /bin/true",
        "refrescar": null,
        "evidencia": "clear\ndate\nhostname\nmodprobe -n -v cramfs\nlsmod | grep cramfs",
        "SO": "Linux"
    },
    {
        "modulo": "Filesystem Configuration/Disable filesystem type squashfs",
        "clave": "SQUASHFS",
        "descripcion": "Filesystem type \"squashfs\" is enabled. It should be disabled if not needed",
        "comprobacion": "+-------------------------------------------------------------------------------+\n## Ejecute los siguientes mandatos y verifique que la salida sea la indicada:\n+-------------------------------------------------------------------------------+\n\nmodprobe -n -v squashfs \n\n+-------------------------------------------------------------------------------+\n## SALIDA : 'install /bin/true'\n##('esta linea deshabilita el sistema de archivos squashfs')\n+-------------------------------------------------------------------------------+\n\nlsmod | grep squashfs\n\n+-------------------------------------------------------------------------------+\n## SALIDA ('No debe devolver nada')\n+-------------------------------------------------------------------------------+",
        "copia": null,
        "editar": "+-------------------------------------------------------------------------------+\n## Crear archivo de configuración:\n+-------------------------------------------------------------------------------+\n\ntouch /etc/modprobe.d/CIS.conf\nchmod 644 /etc/modprobe.d/CIS.conf\n\n+-------------------------------------------------------------------------------+\n## Edite el fichero de configuración.\n+-------------------------------------------------------------------------------+\n\nvi /etc/modprobe.d/CIS.conf\n\n+-------------------------------------------------------------------------------+\n## Y añada la siguiente linea:\n+-------------------------------------------------------------------------------+\n\ninstall squashfs /bin/true",
        "refrescar": null,
        "evidencia": "clear\ndate\nhostname\nmodprobe -n -v squashfs\nlsmod | grep squashfs",
        "SO": "Linux"
    },
    {
        "modulo": "Filesystem Configuration/Disable filesystem type udf",
        "clave": "UDF",
        "descripcion": "Filesystem type \"udf\" is enabled. It should be disabled if not needed",
        "comprobacion": "+-------------------------------------------------------------------------------+\n## Ejecute los siguientes mandatos y verifique que la salida sea la indicada:\n+-------------------------------------------------------------------------------+\n\nmodprobe -n -v udf \n\n+-------------------------------------------------------------------------------+\n## SALIDA : 'install /bin/true'\n##('esta linea deshabilita el sistema de archivos udf')\n+-------------------------------------------------------------------------------+\n\nlsmod | grep udf\n\n+-------------------------------------------------------------------------------+\n## SALIDA ('No debe devolver nada')\n+-------------------------------------------------------------------------------+",
        "copia": null,
        "editar": "+------NODEVHOME-------------------------------------------------------------------------+\n## Crear archivo de configuración:\n+-------------------------------------------------------------------------------+\n\ntouch /etc/modprobe.d/CIS.conf\nchmod 644 /etc/modprobe.d/CIS.conf\n\n+-------------------------------------------------------------------------------+\n## Edite el fichero de configuración.\n+-------------------------------------------------------------------------------+\n\nvi /etc/modprobe.d/CIS.conf\n\n+-------------------------------------------------------------------------------+\n## Y añada la siguiente linea:\n+-------------------------------------------------------------------------------+\n\ninstall udf /bin/true",
        "refrescar": null,
        "evidencia": "clear\ndate\nhostname\nmodprobe -n -v udf\nlsmod | grep udf",
        "SO": "Linux"
    },
    {
        "modulo": "Password Requirements/Automatic Logoff support shells",
        "clave": "TMUX",
        "descripcion": "/usr/bin/tmux.\n/bin/tmux.\nEnsure that /etc/shells only allows users to select shells which support time out.",
        "comprobacion": "+-------------------------------------------------------------------------------+\n## Si los shells están indicados como desaparecidos, añádalos a /etc/shells.\n## Si cualquier shell se indica como no conforme, elimínelas.\n+-------------------------------------------------------------------------------+\n\ncat /etc/shells | grep -i tmux",
        "copia": "## Obtener usuario logueado:\n\nuser=$(logname)\n\n+-------------------------------------------------------------------------------+\n## Backup con HOME en MAYÚSCULAS\n+-------------------------------------------------------------------------------+\n\ncp -p /etc/shells /home/${user^^}/shells_`date +%d%m%y_%T`\n\n+-------------------------------------------------------------------------------+\n## Backup con HOME en minúsculas\n+-------------------------------------------------------------------------------+\n\ncp -p /etc/shells /home/${user,,}/shells__`date +%d%m%y_%T`\n",
        "editar": "+-------------------------------------------------------------------------------+\n## Comentar las shells que no dan soporte a time out\n+-------------------------------------------------------------------------------+\n\nvi /etc/shells",
        "refrescar": null,
        "evidencia": "clear\ndate\nhostname\ncat /etc/shells | grep -i tmux\n",
        "SO": "Linux"
    },
    {
        "modulo": "Protecting Resources-OSRs/Set gpgcheck in yum file",
        "clave": "GPGCHECK",
        "descripcion": "Set gpgcheck=1 in /etc/yum.conf file",
        "comprobacion": "+-------------------------------------------------------------------------------+\n## Ejecute el siguiente mandato y verifique que `gpgcheck` está establecido en 1\n+-------------------------------------------------------------------------------+\n\ngrep -w gpgcheck /etc/yum.conf\n\n## debe devolver: gpgcheck= 1\n\n+-------------------------------------------------------------------------------+\n## Ejecute el siguiente mandato y verifique que todas las instancias de `gpgcheck` devueltas están establecidas en ' \"1\" o simplemente nada.\n+-------------------------------------------------------------------------------+\n\ngrep -w gpgcheck /etc/yum.repos.d/* ",
        "copia": "## Obtener usuario logueado:\n\nuser=$(logname)\n\n+-------------------------------------------------------------------------------+\n## Backup con HOME en MAYÚSCULAS\n+-------------------------------------------------------------------------------+\n\ncp -p /etc/yum.conf /home/${user^^}/yum_`date +%d%m%y_%T`\n\n+-------------------------------------------------------------------------------+\n## Backup con HOME en minúsculas\n+-------------------------------------------------------------------------------+\n\ncp -p /etc/yum.conf /home/${user,,}/yum_`date +%d%m%y_%T`\n",
        "editar": "+-------------------------------------------------------------------------------+\n## Edite `/etc/yum.conf` y establezca `gpgcheck=1`\n## En la sección [main], necesario para estar presente.\n+-------------------------------------------------------------------------------+\n\nvi /etc/yum.conf\n\n+-------------------------------------------------------------------------------+\n## Edite los archivos anómalos en `/etc/yum.repos.d/*` \n## Y establezca todas las instancias de `gpgcheck` en `1`, o simplemente elimine la línea.\n+-------------------------------------------------------------------------------+\n\ncd /etc/yum.repos.d/\n\nls -la",
        "refrescar": null,
        "evidencia": "clear\ndate\nhostname\ngrep -w gpgcheck /etc/yum.conf\ngrep -w gpgcheck /etc/yum.repos.d/*",
        "SO": "Linux"
    },
    {
        "modulo": "AD.1.9.1.4 Protecting Resources - User Resources",
        "clave": "IBMSINIT.CSH",
        "descripcion": "File /etc/profile.d/IBMsinit.csh must exist.",
        "comprobacion": "+-------------------------------------------------------------------------------+\n## Debe existir /etc/profile.d/IBMsinit.csh y contener el correcto script para UMASK.\n+-------------------------------------------------------------------------------+\n\nls -l /etc/profile.d/IBMsinit.csh\ncat /etc/profile.d/IBMsinit.csh\n\n+-------------------------------------------------------------------------------+\n\n#--------- begin IBMsinit.csh ---------#\nif ($uid > 199) then\n    umask 077\nendif\n#--------- end IBMsinit.csh  ---------#\n\n+-------------------------------------------------------------------------------+\n",
        "copia": "## Obtener usuario logueado:\n\nuser=$(logname)\n\n+-------------------------------------------------------------------------------+\n## Backup con HOME en MAYÚSCULAS\n+-------------------------------------------------------------------------------+\n\ncp -p /etc/profile.d/IBMsinit.csh /home/${user^^}/IBMsinit.csh_`date +%d%m%y_%T`\n\n+-------------------------------------------------------------------------------+\n## Backup con HOME en minúsculas\n+-------------------------------------------------------------------------------+\n\ncp -p /etc/profile.d/IBMsinit.csh /home/${user,,}/IBMsinit.csh_`date +%d%m%y_%T`\n",
        "editar": "+-------------------------------------------------------------------------------+\n## Creamos fichero y asignamos los permisos correctos.\n+-------------------------------------------------------------------------------+\n\ntouch /etc/profile.d/IBMsinit.csh\nchmod 0755 /etc/profile.d/IBMsinit.csh\n\n+-------------------------------------------------------------------------------+\n## Editar y añadir el siguiente SCRIPT:\n+-------------------------------------------------------------------------------+\n\nvi /etc/profile.d/IBMsinit.csh\n\n#--------- begin IBMsinit.csh ---------#\nif ($uid > 199) then\n    umask 077\nendif\n#--------- end IBMsinit.csh  ---------#\n\n+-------------------------------------------------------------------------------+\n## Ademas debemos implementar la invocacion a la llamada del fichero.\n## La invocacion se implementa en la ultima linea.\n+-------------------------------------------------------------------------------+\n\nvi  /etc/csh.login\n\nsource /etc/profile.d/IBMsinit.csh",
        "refrescar": null,
        "evidencia": "clear\ndate\nhostname\ncat /etc/profile.d/IBMsinit.csh\ncat /etc/csh.login  | grep -i  IBMsinit.csh\nls -l /etc/profile.d/IBMsinit.csh",
        "SO": "Linux"
    },
    {
        "modulo": "Network Settings/TCP Configuration Files Restrictions",
        "clave": "SYSCTL",
        "descripcion": "Incorrect /etc/sysctl.conf",
        "comprobacion": "",
        "copia": null,
        "editar": "+-------------------------------------------------------------------------------+\n## Para hacer el cambio:\n+-------------------------------------------------------------------------------+\n\n/sbin/sysctl -w net.ipv4.conf.all.secure_redirects=0\n/sbin/sysctl -w net.ipv4.conf.default.secure_redirects=0\n/sbin/sysctl -w net.ipv4.conf.all.log_martians=1\n/sbin/sysctl -w net.ipv4.conf.default.log_martians=1\n/sbin/sysctl -w net.ipv4.conf.all.rp_filter=1\n/sbin/sysctl -w net.ipv4.conf.default.rp_filter=1\n/sbin/sysctl -w net.ipv6.conf.all.accept_ra=0\n/sbin/sysctl -w net.ipv6.conf.default.accept_ra=0\n/sbin/sysctl -w net.ipv6.conf.all.accept_redirects=0\n/sbin/sysctl -w net.ipv6.conf.default.accept_redirects=0\n/sbin/sysctl -w net.ipv4.ip_forward=0\n/sbin/sysctl -w net.ipv4.conf.default.accept_source_route=0\n/sbin/sysctl -w net.ipv4.conf.all.accept_source_route=0",
        "refrescar": "sysctl -p",
        "evidencia": "clear\ndate\nhostname\n/sbin/sysctl -a |grep -i \"net.ipv4.conf.all.accept_source_route\"\n/sbin/sysctl -a |grep -i \"net.ipv4.conf.all.secure_redirects\"\n/sbin/sysctl -a |grep -i \"net.ipv4.conf.default.secure_redirects\"\n/sbin/sysctl -a |grep -i \"net.ipv4.conf.all.log_martians\"\n/sbin/sysctl -a |grep -i \"net.ipv4.conf.default.log_martians\"\n/sbin/sysctl -a |grep -i \"net.ipv4.conf.all.rp_filter\"\n/sbin/sysctl -a |grep -i \"net.ipv4.conf.default.rp_filter\"\n/sbin/sysctl -a |grep -i \"net.ipv4.conf.default.accept_source_route\"\n/sbin/sysctl -a |grep -i \"net.ipv6.conf.all.accept_ra\"\n/sbin/sysctl -a |grep -i \"net.ipv6.conf.default.accept_ra\"\n/sbin/sysctl -a |grep -i \"net.ipv6.conf.all.accept_redirects\"\n/sbin/sysctl -a |grep -i \"net.ipv6.conf.default.accept_redirects\"\n/sbin/sysctl -a |grep -i \"net.ipv4.ip_forward\"",
        "SO": "Linux"
    },
    {
        "modulo": "Password Requirements/Automatic Logoff IBMsinit sh TMOUT",
        "clave": "TMOUT",
        "descripcion": "/etc/profile.d/IBMsinit.sh Default: Set systems to terminate a session after 21600 seconds of inactivity. File must  contain \"TMOUT=21600\" followed by \"export TMOUT\". A shorter time frame may be specified.",
        "comprobacion": "+-------------------------------------------------------------------------------+\n## En /etc/profile.d/IBMsinit.sh, al final del SCRIPT de UMASK\n## Debe tener un TMOUT\n(\"TMOUT solo debe estar implementado en 'IBMsinit.sh'\")\n+-------------------------------------------------------------------------------+\n\ncat /etc/profile.d/IBMsinit.sh\n\n+-------------------------------------------------------------------------------+\n## SET muestra el valor por defecto\n+-------------------------------------------------------------------------------+\n\nset | grep OUT",
        "copia": "## Obtener usuario logueado:\n\nuser=$(logname)\n\n+-------------------------------------------------------------------------------+\n## Backup con HOME en MAYÚSCULAS\n+-------------------------------------------------------------------------------+\n\ncp -p /etc/profile.d/IBMsinit.sh /home/${user^^}/IBMsinit.sh_`date +%d%m%y_%T`\n\n+-------------------------------------------------------------------------------+\n## Backup con HOME en minúsculas\n+-------------------------------------------------------------------------------+\n\ncp -p /etc/profile.d/IBMsinit.sh /home/${user,,}/IBMsinit.sh_`date +%d%m%y_%T`\n",
        "editar": "+-------------------------------------------------------------------------------+\n## Editar y Añadir al final del SCRIPT de UMASK\n+-------------------------------------------------------------------------------+\n\nvi /etc/profile.d/IBMsinit.sh\n\nTMOUT=21600\nexport TMOUT",
        "refrescar": null,
        "evidencia": "clear\ndate\nhostname\ncat /etc/profile.d/IBMsinit.sh\nset | grep OUT",
        "SO": "Linux"
    },
    {
        "modulo": "Protecting Resources-mixed/Ensure sticky bit is set on all world-writable directories",
        "clave": "STICKY",
        "descripcion": "Sticky bit is not set on world-writable directory: $directory",
        "comprobacion": "+-------------------------------------------------------------------------------+\n## Aplica a directorios y sub-directorios\n+-------------------------------------------------------------------------------+\n\n## El desvio trata de aplicar sticky a directorios y sub-directorios, pero en este desvio corregiremos permisos de escritura en OTHER.\n\n+-------------------------------------------------------------------------------+\n## Hay que tener en cuenta el tipo de owner que pertenece, cada directorio BASE.\n+-------------------------------------------------------------------------------+\n\n+-------------------------------------------------------------------------------+\n## Ya sea de tipo '/C/F/S'\n+-------------------------------------------------------------------------------+\n\n+-------------------------------------------------------------------------------+\n## Si es /C/, se pasa a excepcion con RISK e IMPACT\n## por favor revisar la seccion de RISK e IMPACT\n+-------------------------------------------------------------------------------+\n\n+-------------------------------------------------------------------------------+\n## Si es de tipo /F/S/, se debe preguntar al owner, si podemos modificar los permisos\n## Revisar ('PERMISSIONS'), antes de cualquier cambio.\n+-------------------------------------------------------------------------------+\n\n+-------------------------------------------------------------------------------+\n## Buscar y comprobar los directorios a cambiar permisos. \n+-------------------------------------------------------------------------------+\n\n## DIRECTORIOS FORMA RECURVISA:\n\necho  \"directorios con permisos w en other : \";find $directory -type d -perm -o=wx | wc -l\nfind $directory -type d -perm -o=wx | xargs -l ls -ld\n\n## DIRECTORIOS FORMA INDIVIDUAL:\n---\nls -ld $directory\n\n+-------------------------------------------------------------------------------+\n## Pregunta RELACIONADAS\n+-------------------------------------------------------------------------------+\n\nProtecting Resources-OSRs/OSR \\TMP Files Restrictions\nProtecting Resources-OSRs/OSR \\OPT Files Restrictions\nProtecting Resources-OSRs/OSR \\ETC Restrictions\nProtecting Resources-OSRs/OSR \\VAR Files Restrictions",
        "copia": null,
        "editar": "+-------------------------------------------------------------------------------+\n## Se puede quitar de forma 'recursiva' o por 'individual'\n## $directory : es la variable del directorio raiz a cambiar permisos.\n+-------------------------------------------------------------------------------+\n\n+-------------------------------------------------------------------------------+\n## Asi quitamos de permisos de W a Other, en los directorios('RECURSIVO'):\n+-------------------------------------------------------------------------------+\n\nfind $directory -type d -perm -o=wx -exec chmod o-w {} \\;\n\n+-------------------------------------------------------------------------------+\n## Asi quitamos permisos, de W a other de forma('INDIVIDUAL'):\n+-------------------------------------------------------------------------------+\n\nchmod o-w $directory",
        "refrescar": null,
        "evidencia": "+-------------------------------------------------------------------------------+\n## De forma ('RECURSIVA'):\n+-------------------------------------------------------------------------------+\n\nclear\ndate\nhostname\nfind $directory -type d -perm -o=wx | wc -l\nls -ld $directory\n\n+-------------------------------------------------------------------------------+\n## De forma ('INDIVIDUAL'):\n+-------------------------------------------------------------------------------+\n\nclear\ndate\nhostname\nls -ld $directory",
        "SO": "Linux"
    },
    {
        "modulo": "Network Settings/Ensure LDAP Server is not enabled",
        "clave": "LDAP",
        "descripcion": "Ensure  LDAP Server is not enabled. Command: systemctl is-enabled slapd",
        "comprobacion": "",
        "copia": null,
        "editar": null,
        "refrescar": null,
        "evidencia": null,
        "SO": "Linux"
    },
    {
        "modulo": "Password Requirements//etc/profile IBMsinit sh",
        "clave": "IBMSINIT.SH",
        "descripcion": "/etc/profile should not set/reset the time out control after '. /etc/profile.d/IBMsinit.sh' invocation.",
        "comprobacion": "+-------------------------------------------------------------------------------+\n## No deben existir 2 controles TMOUT en el servidor.\n## Revisar en /etc/profile, si tiene un TMOUT definido\n+-------------------------------------------------------------------------------+\n\ncat /etc/profile | grep TMOUT\n\n+-------------------------------------------------------------------------------+\n## En /etc/profile.d/IBMsinit.sh, al final del SCRIPT de UMASK\n## Debe tener un TMOUT:\n+-------------------------------------------------------------------------------+\n\ncat /etc/profile.d/IBMsinit.sh",
        "copia": "## Obtener usuario logueado:\n\nuser=$(logname)\n\n+-------------------------------------------------------------------------------+\n## Backup con HOME en MAYÚSCULAS\n+-------------------------------------------------------------------------------+\n\ncp -p /etc/profile.d/IBMsinit.sh /home/${user^^}/IBMsinit.sh_`date +%d%m%y_%T`\n\n+-------------------------------------------------------------------------------+\n## Backup con HOME en minúsculas\n+-------------------------------------------------------------------------------+\n\ncp -p /etc/profile.d/IBMsinit.sh /home/${user,,}/IBMsinit.sh_`date +%d%m%y_%T`\n",
        "editar": "+-------------------------------------------------------------------------------+\n## Eliminar/Comentar la entrada TMOUT en /etc/profile.\n+-------------------------------------------------------------------------------+\n\nvi /etc/profile",
        "refrescar": null,
        "evidencia": "clear\ndate\nhostname\ncat /etc/profile | grep TMOUT\ncat /etc/profile.d/IBMsinit.sh",
        "SO": "Linux"
    },
    {
        "modulo": "Password Requirements/Automatic Logoff IBMsinit csh autologout",
        "clave": "AUTOLOGOUT",
        "descripcion": "/etc/profile.d/IBMsinit.csh Default: Set systems to terminate a session after 360 minutes of inactivity. File must contain \"set autologout=360\". A shorter time frame may be specified.",
        "comprobacion": "+-------------------------------------------------------------------------------+\n## En /etc/profile.d/IBMsinit.csh, al final del SCRIPT de UMASK\n## Debe tener un autologout\n(\"autologout solo debe estar implementado en 'IBMsinit.csh'\")\n+-------------------------------------------------------------------------------+\n\ncat /etc/profile.d/IBMsinit.csh",
        "copia": "## Obtener usuario logueado:\n\nuser=$(logname)\n\n+-------------------------------------------------------------------------------+\n## Backup con HOME en MAYÚSCULAS\n+-------------------------------------------------------------------------------+\n\ncp -p /etc/profile.d/IBMsinit.csh /home/${user^^}/IBMsinit.csh_`date +%d%m%y_%T`\n\n+-------------------------------------------------------------------------------+\n## Backup con HOME en minúsculas\n+-------------------------------------------------------------------------------+\n\ncp -p /etc/profile.d/IBMsinit.csh /home/${user,,}/IBMsinit.csh_`date +%d%m%y_%T`\n",
        "editar": "+-------------------------------------------------------------------------------+## Editar y Añadir al final de SCRIPT de UMASK\n+-------------------------------------------------------------------------------+\n\nvi /etc/profile.d/IBMsinit.csh\n\nset autologout=360",
        "refrescar": null,
        "evidencia": "clear\ndate\nhostname\ncat /etc/profile.d/IBMsinit.csh",
        "SO": "Linux"
    },
    {
        "modulo": "Password Requirements/Login Retries",
        "clave": "PAM_TALLY",
        "descripcion": "Non of the Login Retrie options was found in file:\n/etc/pam.d/password-auth\n/etc/pam.d/system-auth",
        "comprobacion": "+-------------------------------------------------------------------------------+\n## Hace referencia al 'pam_tally2.so' en RHEL7, y al 'pam_faillock.so'  en RHEL8.\n+-------------------------------------------------------------------------------+\n\n## Saber que versión de RHEL es:\ncat /etc/*release\n\n#-*** Saber que PAM_TALLY USA ****-#\nls -ltr /lib64/security/pam_tally*\n\n#-*** Saber que PAM_FAILLOCK USA ****-#\nls -la /usr/sbin/faillock\n\n+-------------------------------------------------------------------------------+\n##--- RHEL 7('system-auth','password-auth')\n+-------------------------------------------------------------------------------+\n\n+-------------------------------------------------------------------------------+\n## Los ficheros del PAM, deben tener en el modulo 'auth required', el parámetro 'pam_tally2.so'\n## Los ficheros del PAM, deben tener en el modulo 'account required', el parámetro 'pam_tally2.so'\n+-------------------------------------------------------------------------------+\n\ncat /etc/pam.d/system-auth | grep pam_tally\ncat /etc/pam.d/password-auth | grep pam_tally\n\n+-------------------------------------------------------------------------------+\n##--- RHEL 8 ('system-auth','password-auth')\n+-------------------------------------------------------------------------------+\n\n+-------------------------------------------------------------------------------+\n## Los ficheros del PAM, deben tener en el modulo 'auth required', el parámetro 'pam_faillock.so'\n## Los ficheros del PAM, deben tener en el modulo 'account required', el parámetro 'pam_faillock.so'\n+-------------------------------------------------------------------------------+\n\ncat /etc/pam.d/system-auth | grep pam_faillock.so\ncat /etc/pam.d/password-auth | grep pam_faillock.so",
        "copia": "## Obtener usuario logueado:\n\nuser=$(logname)\n\n+-------------------------------------------------------------------------------+\n## Backup con HOME en MAYÚSCULAS\n+-------------------------------------------------------------------------------+\n\ncp -p /etc/pam.d/system-auth /home/${user^^}/system-auth_`date +%d%m%y_%T`\n\ncp -p /etc/pam.d/password-auth /home/${user^^}/password-auth_`date +%d%m%y_%T`\n\n+-------------------------------------------------------------------------------+\n## Backup con HOME en minúsculas\n+-------------------------------------------------------------------------------+\n\ncp -p /etc/pam.d/system-auth /home/${user,,}/system-auth_`date +%d%m%y_%T`\n\ncp -p /etc/pam.d/password-auth /home/${user,,}/password-auth_`date +%d%m%y_%T`\n",
        "editar": "+-------------------------------------------------------------------------------+\n##--- RHEL 7 ('system-auth','password-auth')\n+-------------------------------------------------------------------------------+\n\n+-------------------------------------------------------------------------------+\n## Añadir en el modulo 'auth required', el parámetro 'pam_tally2.so'\n## Se debe añadir en la primero linea del modulo auth\n## ('se aconseja remplazar la linea del modulo')\n+-------------------------------------------------------------------------------+\n\nvi /etc/pam.d/system-auth\n\nauth        required      pam_tally2.so deny=5\n\n+-------------------------------------------------------------------------------+\n## Añadir en el modulo 'account required', el parámetro 'pam_tally2.so'.\n+-------------------------------------------------------------------------------+\n\n+-------------------------------------------------------------------------------+\n## Se debe añadir en la primera linea del modulo account.\n## ('se aconseja remplazar la linea del modulo').\n+-------------------------------------------------------------------------------+\n\naccount     required      pam_tally2.so\n\n+-------------------------------------------------------------------------------+\n## Lo mismo con 'password-auth'\n+-------------------------------------------------------------------------------+\n\nvi /etc/pam.d/password-auth\n\n+-------------------------------------------------------------------------------+\n##--- RHEL 8 ('system-auth','password-auth')\n+-------------------------------------------------------------------------------+\n\n+-------------------------------------------------------------------------------+\n## Añadir en el modulo 'auth required', el parámetro 'pam_faillock.so'\n+-------------------------------------------------------------------------------+\n\n+-------------------------------------------------------------------------------+\n## Se debe añadir en la primera linea del modulo auth.\n## ('se aconseja remplazar la linea del modulo').\n+-------------------------------------------------------------------------------+\n\nvi /etc/pam.d/system-auth\n\nauth        required        pam_faillock.so preauth silent deny=5 unlock_time=0\n\n+-------------------------------------------------------------------------------+\n## Ademas se debe añadir la siguiente linea, por encima de 'auth required pam_deny.so'\n+-------------------------------------------------------------------------------+\n\nauth        [default=die] pam_faillock.so authfail deny=5 unlock_time=0\n\n+-------------------------------------------------------------------------------+\n## Añadir en el modulo 'account required', el parámetro 'pam_faillock.so'.\n## Se debe añadir en la primera linea del modulo account.\n## ('se aconseja remplazar la linea del modulo').\n+-------------------------------------------------------------------------------+\n\naccount     required      pam_faillock.so\n\n+-------------------------------------------------------------------------------+\n## Lo mismo con 'password-auth'\n+-------------------------------------------------------------------------------+\n\nvi /etc/pam.d/password-auth\n\n",
        "refrescar": null,
        "evidencia": "+-------------------------------------------------------------------------------+\n##--- RHEL 7('system-auth','password-auth')\n+-------------------------------------------------------------------------------+\nclear\ndate;hostname\ncat /etc/*release | grep -i release\ncat /etc/pam.d/system-auth | egrep \"pam_tally\" \ncat /etc/pam.d/password-auth | egrep \"pam_tally\"\n\n+-------------------------------------------------------------------------------+\n##--- RHEL 8 ('system-auth','password-auth')\n+-------------------------------------------------------------------------------+\nclear\ndate;hostname\ncat /etc/*release | grep -i release\ncat /etc/pam.d/system-auth | egrep \"pam_faillock\" \ncat /etc/pam.d/password-auth | egrep \"pam_faillock\"",
        "SO": "Linux"
    },
    {
        "modulo": "Password Requirements/Password History",
        "clave": "REMEMBER",
        "descripcion": "PAM service file: /etc/pam.d/password-auth\nPAM service file: /etc/pam.d/system-auth\nMust have \"password sufficient pam_unix.so\" stanza with \"remember=8\" parameter. \"sufficient\" can be replaced with \"required\".",
        "comprobacion": "+-------------------------------------------------------------------------------+\n## Hace referencia al 'remember' en RHEL7 y RHEL8.\n+-------------------------------------------------------------------------------+\n\n## Saber que versión de RHEL es:\ncat /etc/*release\n\n#-***# Saber que PAM_TALLY USA #****-#\nls -ltr /lib64/security/pam_tally*\n\n#-*** Saber que PAM_FAILLOCK USA ****-#\nls -la /usr/sbin/faillock\n\n+-------------------------------------------------------------------------------+\n##--- RHEL 7 & RHEL 8 ('system-auth','password-auth')\n+-------------------------------------------------------------------------------+\n\n## Los ficheros del PAM, deben tener en el modulo 'password    sufficient    pam_unix.so', el parámetro 'remember=8'\n\ncat /etc/pam.d/system-auth | grep remember\ncat /etc/pam.d/password-auth | grep remember\n\n+-------------------------------------------------------------------------------+\n## Modulo similiar : 'Encryption/Password Encryption Required'\n+-------------------------------------------------------------------------------+",
        "copia": "## Obtener usuario logueado:\n\nuser=$(logname)\n\n+-------------------------------------------------------------------------------+\n## Backup con HOME en MAYÚSCULAS\n+-------------------------------------------------------------------------------+\n\ncp -p /etc/pam.d/system-auth /home/${user^^}/system-auth_`date +%d%m%y_%T`\n\ncp -p /etc/pam.d/password-auth /home/${user^^}/password-auth_`date +%d%m%y_%T`\n\n+-------------------------------------------------------------------------------+\n## Backup con HOME en minúsculas\n+-------------------------------------------------------------------------------+\n\ncp -p /etc/pam.d/system-auth /home/${user,,}/system-auth_`date +%d%m%y_%T`\n\ncp -p /etc/pam.d/password-auth /home/${user,,}/password-auth_`date +%d%m%y_%T`\n",
        "editar": "+-------------------------------------------------------------------------------+\n##--- RHEL 7 & RHEL 8 ('system-auth','password-auth')\n+-------------------------------------------------------------------------------+\n\n+-------------------------------------------------------------------------------+\n## Añadir en el modulo 'password    sufficient    pam_unix.so', el parámetro 'remember=8'.\n## ('se aconseja remplazar toda la linea, del modulo 'password    sufficient    pam_unix.so').\n+-------------------------------------------------------------------------------+\n\nvi /etc/pam.d/system-auth\n\npassword    sufficient    pam_unix.so remember=8 use_authtok sha512 shadow try_first_pass\n\n+-------------------------------------------------------------------------------+\n## Lo mismo con 'password-auth'\n+-------------------------------------------------------------------------------+\n\nvi /etc/pam.d/password-auth\n",
        "refrescar": null,
        "evidencia": "+-------------------------------------------------------------------------------+\n##--- RHEL 7 & RHEL 8 ('system-auth','password-auth')\n+-------------------------------------------------------------------------------+\nclear\ndate;hostname\ncat /etc/*release | grep -i release\ncat /etc/pam.d/system-auth | egrep \"remember\" \ncat /etc/pam.d/password-auth | egrep \"remember\"\n",
        "SO": "Linux"
    },
    {
        "modulo": "Encryption/Password Encryption Required",
        "clave": "SHA512",
        "descripcion": "/etc/pam.d/password-auth.\n/etc/pam.d/system-auth.\nAny file in /etc/pam.d containing \"password sufficient pam_unix.so\" stanza must carry the \"sha512 shadow\" options.\n\nIncorrect or missing pam_unix.so module stanza. For more information see coverage matrix document",
        "comprobacion": "+-------------------------------------------------------------------------------+\n## Hace referencia al parametro 'sha512 shadow ' en RHEL7 y RHEL8.\n+-------------------------------------------------------------------------------+\n\n## Saber que versión de RHEL es:\ncat /etc/*release\n\n#-*** Saber que PAM_TALLY USA ****-#\nls -ltr /lib64/security/pam_tally*\n\n#-*** Saber que PAM_FAILLOCK USA ****-#\nls -la /usr/sbin/faillock\n\n+-------------------------------------------------------------------------------+\n##--- RHEL 7 & RHEL 8 ('system-auth','password-auth')\n+-------------------------------------------------------------------------------+\n\n## Los ficheros del PAM, deben tener en el modulo 'password    sufficient    pam_unix.so', el parámetro 'sha512 shadow '\n\ncat /etc/pam.d/system-auth | egrep \"sha512|shadow\"\ncat /etc/pam.d/password-auth | egrep \"sha512|shadow\"\n\n+-------------------------------------------------------------------------------+\n## Modulo similiar : 'Password Requirements/Password History'\n+-------------------------------------------------------------------------------+",
        "copia": "## Obtener usuario logueado:\n\nuser=$(logname)\n\n+-------------------------------------------------------------------------------+\n## Backup con HOME en MAYÚSCULAS\n+-------------------------------------------------------------------------------+\n\ncp -p /etc/pam.d/system-auth /home/${user^^}/system-auth_`date +%d%m%y_%T`\n\ncp -p /etc/pam.d/password-auth /home/${user^^}/password-auth_`date +%d%m%y_%T`\n\n+-------------------------------------------------------------------------------+\n## Backup con HOME en minúsculas\n+-------------------------------------------------------------------------------+\n\ncp -p /etc/pam.d/system-auth /home/${user,,}/system-auth_`date +%d%m%y_%T`\n\ncp -p /etc/pam.d/password-auth /home/${user,,}/password-auth_`date +%d%m%y_%T`\n",
        "editar": "+-------------------------------------------------------------------------------+\n##--- RHEL 7 & RHEL 8 ('system-auth','password-auth')\n+-------------------------------------------------------------------------------+\n\n+-------------------------------------------------------------------------------+\n## Añadir en el modulo 'password    sufficient    pam_unix.so', el parámetro 'sha512 shadow'.\n## ('se aconseja remplazar toda la linea, del modulo 'password    sufficient    pam_unix.so').\n+-------------------------------------------------------------------------------+\n\nvi /etc/pam.d/system-auth\n\npassword    sufficient    pam_unix.so remember=8 use_authtok sha512 shadow try_first_pass\n\n+-------------------------------------------------------------------------------+\n## Lo mismo con 'password-auth'\n+-------------------------------------------------------------------------------+\n\nvi /etc/pam.d/password-auth\n",
        "refrescar": null,
        "evidencia": "+-------------------------------------------------------------------------------+\n##--- RHEL 7 & RHEL 8 ('system-auth','password-auth')\n+-------------------------------------------------------------------------------+\nclear\ndate;hostname\ncat /etc/*release | grep -i release\ncat /etc/pam.d/system-auth | egrep \"sha512|shadow\"\ncat /etc/pam.d/password-auth | egrep \"sha512|shadow\"\n",
        "SO": "Linux"
    },
    {
        "modulo": "Password Requirements/Private Key File Restriction",
        "clave": "AUTHORIZED_KEY",
        "descripcion": "SSH authorized_keys file: \"FICHERO AUTHORIZED KEYS\"; Invalid from section: . \"*º\" or \"*.*.*.*\" or \"0/0\" or \"0.0.0.0/0\" or empty are forbidden values in the \"from=\" parameter",
        "comprobacion": "+-------------------------------------------------------------------------------+\n## En este tipo de desviaciones, las claves publicas(\"authorized_keys\")\n## Deben tener un FROM que especifique el host remoto o direccion IP.\n+-------------------------------------------------------------------------------+\n\n+-------------------------------------------------------------------------------+\n## Guardamos en la variable, el fichero authorized_keys a revisar\n## Antes de seguir, revisar -* AUTHORIZED_KEYS *-\n+-------------------------------------------------------------------------------+\n\nfile_authorized=\"\"\n\n+-------------------------------------------------------------------------------+\n## Revisamos si tiene un FROM, que especifica el host remoto o IP\n## Debe ser solo accesible al owner\n+-------------------------------------------------------------------------------+\n\nls -la $file_authorized\ncat $file_authorized\n\n## PUEDEN EXISTIR 3 OPCIONES DIFERENTES:\n\n## --> OPCION 1\n+-------------------------------------------------------------------------------+\n## Si el fichero authorized_keys es de root, no debe tener un fichero authorized_keys.\n## Pasamos directamente a renombrar el fichero authorized_keys para owner root.\n## ('SI HAY DUDAS, consultarlo con el tecnico')\n+-------------------------------------------------------------------------------+\n\n## --> OPCION 2\n+-------------------------------------------------------------------------------+\n## Si el fichero authorized_keys, pertenece a otro owner o grupo que no sea root.\n## Si es de TIPO /F/S (sistemas / aplicativo)\n## se debe contactar con el owner o grupo del fichero.\n## - Si se va a excepcionar nos deben especificar un RISK e IMPACT.\n\n## - Si se va a corregir.\n## Revisar ('authorized_keys'), antes de cualquier cambio.\n\n## Si es de TIPO /C/ (customer)\n## - Se debe excepcionar.\n## Por favor revisar la sección de RISK e IMPACT.\n+-------------------------------------------------------------------------------+\n\n## --> OPCION 3\n+-------------------------------------------------------------------------------+\n## Si el fichero authorized_keys, pertenece a otro owner o grupo que no sea root.\n## SI es de tipo /E/. /I/\n## - Si es una cuenta 'externa' y no existe en el servidor, se puede renombrar.\n## - Si la cuenta existe, se debe notificar al owner de la cuenta.\n\n## Se le debe notificar que se ha renombrado el fichero y que si lo utiliza debe,\n## Crear un fichero authorized_keys con un \"from=\" con host especifico o IP. \n## Revisar ('AUTHORIZED_KEYS'), antes de cualquier cambio.\n+-------------------------------------------------------------------------------+",
        "copia": "## Obtener usuario logueado:\n\nuser=$(logname)\n\n## LINUX\n+-------------------------------------------------------------------------------+\n## Backup con HOME en MAYÚSCULAS\n+-------------------------------------------------------------------------------+\n\ncp -p $file_authorized /home/${user^^}/authorized_key_`date +%d%m%y_%T`\n\n+-------------------------------------------------------------------------------+\n## Backup con HOME en minúsculas\n+-------------------------------------------------------------------------------+\n\ncp -p $file_authorized /home/${user,,}/authorized_key_`date +%d%m%y_%T`\n\n## AIX\n+-------------------------------------------------------------------------------+\n## Backup\n+-------------------------------------------------------------------------------+\ncp -p \"$file_authorized\" /home/$user/authorized_key_`date +%d%m%y_%T`",
        "editar": "## --> OPCION 1\n##-------------------------------------------------------------------------------\n## Para ficheros authorized_keys, con owner root.\n##-------------------------------------------------------------------------------\nclear\ndate\nhostname\nls -la /home/root/.ssh/authorized_keys\nls -la /home/root/.ssh/authorized_keys.save\n\n\n## --> OPCION 2\n##-------------------------------------------------------------------------------\n## Para otros ficheros authorized_keys.\n## De tipo /F/S/.\n##-------------------------------------------------------------------------------\nclear\ndate\nuname -a\ncat $file_authorized | grep -iw 'from' \n\n\n## --> OPCION 3\n##-------------------------------------------------------------------------------\n## Para otros ficheros authorized_keys, sin owner o account externas.\n## De tipo /E/I/.\n##-------------------------------------------------------------------------------\nclear\ndate\nuname -a\nls -la $file_authorized\nls -la $file_authorized.save",
        "refrescar": null,
        "evidencia": "## --> OPCION 1\n##-------------------------------------------------------------------------------\n## Para ficheros authorized_keys, con owner root.\n##-------------------------------------------------------------------------------\nclear\ndate\nhostname\nls -la /home/root/.ssh/authorized_keys\nls -la /home/root/.ssh/authorized_keys.save\n\n\n## --> OPCION 2\n##-------------------------------------------------------------------------------\n## Para otros ficheros authorized_keys.\n## De tipo /F/S/.\n##-------------------------------------------------------------------------------\nclear\ndate\nuname -a\ncat $file_authorized | grep -iw 'from' \n\n\n## --> OPCION 3\n##-------------------------------------------------------------------------------\n## Para otros ficheros authorized_keys, sin owner o account externas.\n## De tipo /E/I/.\n##-------------------------------------------------------------------------------\nclear\ndate\nuname -a\nls -la $file_authorized\nls -la $file_authorized.save",
        "SO": "Linux / Aix"
    },
    {
        "modulo": "Password Requirements/Specific Host Access",
        "clave": "",
        "descripcion": "File \"FICHERO AUTHORIZED KEYS\" contains entries withous \"from\" option specified",
        "comprobacion": "## Pregunta relaciona con el modulo : Password Requirements/Private Key File Restriction",
        "copia": null,
        "editar": null,
        "refrescar": null,
        "evidencia": null,
        "SO": "Linux / Aix"
    },
    {
        "modulo": "Protecting Resources-OSRs/OSR /TMP Files Restrictions",
        "clave": "OSRTMP",
        "descripcion": "Invalid permissions for $fileTMP  Octal permissions: 0777  Text Permissions: -rwxrwxrwx-;  May not have execute permissions on any files and no write for others.",
        "comprobacion": "+-------------------------------------------------------------------------------+\n## Aplica a ficheros del directorio /TMP\n+-------------------------------------------------------------------------------+\n\n## El desvio trata de quitarle escritura a OTHER, a ficheros que cuelgan en el directorio /TMP y sub-directorios.\n\n+-------------------------------------------------------------------------------+\n## Hay que tener en cuenta el tipo de owner que pertenece, cada fichero o directorio BASE.\n+-------------------------------------------------------------------------------+\n\n+-------------------------------------------------------------------------------+\n## Ya sea de tipo '/C/F/S'\n+-------------------------------------------------------------------------------+\n\n+-------------------------------------------------------------------------------+\n## Si es /C/, se pasa a excepcion con RISK e IMPACT\n## por favor revisar la seccion de RISK e IMPACT\n+-------------------------------------------------------------------------------+\n\n+-------------------------------------------------------------------------------+\n## Si es de tipo /F/S/, se debe preguntar al owner, si podemos modificar los permisos\n## Revisar ('PERMISSIONS'), antes de cualquier cambio.\n+-------------------------------------------------------------------------------+\n\n+-------------------------------------------------------------------------------+\n## Buscar y comprobar los fichero y directorios a cambiar permisos. \n+-------------------------------------------------------------------------------+\n\n## FICHEROS FORMA RECURVISA:\n---\necho \"ficheros con permisos w en other : \";find $fileTMP -type f -perm -o=wx | wc -l\nfind $fileTMP -type f -perm -o=wx | xargs -l ls -l\n\n## DIRECTORIOS FORMA RECURVISA:\n---\necho  \"directorios con permisos w en other : \";find $directory -type d -perm -o=wx | wc -l\nfind $directory -type d -perm -o=wx | xargs -l ls -ld\n\n## FICHEROS / DIRECTORIOS FORMA INDIVIDUAL:\n---\nls -l $fileTMP\nls -ld $directory\n\n+-------------------------------------------------------------------------------+\n## Pregunta RELACIONADAS\n+-------------------------------------------------------------------------------+\n\nProtecting Resources-mixed/Ensure sticky bit is set on all world-writable directories",
        "copia": null,
        "editar": "+-------------------------------------------------------------------------------+\n## Se puede quitar de forma 'RECURSIVA' o por 'INDIVIDUAL'\n## $directory : es la variable del directorio BASE a cambiar permisos.\n## $fileTMP : es la variable del fichero a cambiar permisos.\n+-------------------------------------------------------------------------------+\n\n+-------------------------------------------------------------------------------+\n## Asi quitamos de permisos de W a Other, en los directorios('RECURSIVO'):\n+-------------------------------------------------------------------------------+\n\nfind $directory -type d -perm -o=wx -exec chmod o-w {} +\n\n+-------------------------------------------------------------------------------+\n## Asi quitamos de permisos de W a Other, en los ficheros('RECURSIVO'):\n+-------------------------------------------------------------------------------+\n\nfind $fileTMP -type f -perm -o=wx -exec chmod o-w {} +\n\n+-------------------------------------------------------------------------------+\n## Asi quitamos permisos, de W a other de forma('individual'):\n+-------------------------------------------------------------------------------+\n\nchmod o-w $directory\nchmod o-w $fileTMP",
        "refrescar": null,
        "evidencia": "+-------------------------------------------------------------------------------+\n## De forma ('RECURSIVA'):\n+-------------------------------------------------------------------------------+\n\nclear\ndate\nhostname\nfind $directory -type d -perm -o=wx | wc -l\nfind $fileTMP -type f -perm -o=wx | wc -l\nls -ld $directory\nls -l $fileTMP\n\n+-------------------------------------------------------------------------------+\n## De forma('individual'):\n+-------------------------------------------------------------------------------+\n\nclear\ndate\nhostname\nls -ld $directory\nls -l $fileTMP",
        "SO": "Linux"
    },
    {
        "modulo": "Encryption/Permitted Ciphers",
        "clave": "CIPHERS",
        "descripcion": "Cipher aes128-ctr is not available\nCipher aes192-ctr is not available\nCipher aes256-ctr is not available",
        "comprobacion": "## Antes de corregir se debe comprobar que no estén los valores correctos por defecto\n\n+-------------------------------------------------------------------------------+\n## Valor por defecto correcto es : \n## ciphers aes128-ctr,aes192-ctr,aes256-ctr,chacha20-poly1305@openssh.com,aes128-gcm@openssh.com,aes256-gcm@openssh.com\n+-------------------------------------------------------------------------------+\n\n+-------------------------------------------------------------------------------+\n## Muestra el valor por defecto\n+-------------------------------------------------------------------------------+\n\n/usr/sbin/sshd -T|grep -i ciphers\n\n+-------------------------------------------------------------------------------+\n## Valor definido en el servidor, no debe estar comentado(#), o no debe estar vació\n+-------------------------------------------------------------------------------+\n\ncat /etc/ssh/sshd_config | grep -i ciphers",
        "copia": "## Obtener usuario logueado:\n\nuser=$(logname)\n\n## LINUX\n+-------------------------------------------------------------------------------+\n## Backup con HOME en MAYÚSCULAS\n+-------------------------------------------------------------------------------+\n\ncp -p /etc/ssh/sshd_config /home/${user^^}/sshd_config_`date +%d%m%y_%T`\n\n+-------------------------------------------------------------------------------+\n## Backup con HOME en minúsculas\n+-------------------------------------------------------------------------------+\n\ncp -p /etc/ssh/sshd_config /home/${user,,}/sshd_config_`date +%d%m%y_%T`\n\n\n## AIX\n+-------------------------------------------------------------------------------+\n## Backup\n+-------------------------------------------------------------------------------+\n\ncp -p /etc/ssh/sshd_config /home/$user/sshd_config_`date +%d%m%y_%T`",
        "editar": "+-------------------------------------------------------------------------------+\n## Añadir mínimo estos 3 cifrados POR DELANTE, `Ciphers aes128-ctr,aes192-ctr,aes256-ctr`\n## Si existen otros cifrados dejarlos, debe estar debajo de: \n## Ciphers and keying\n+-------------------------------------------------------------------------------+\n\n+-------------------------------------------------------------------------------+\n## Debe quedar algo asi:\n\nCiphers aes128-ctr,aes192-ctr,aes256-ctr,aes128-gcm@openssh.com,aes256-gcm@openssh.com,chacha20-poly1305@openssh.com\n+-------------------------------------------------------------------------------+\n\n+-------------------------------------------------------------------------------+\n## Editar\n+-------------------------------------------------------------------------------+\n\nvi /etc/ssh/sshd_config",
        "refrescar": "+-------------------------------------------------------------------------------+\n## LINUX\n+-------------------------------------------------------------------------------+\n\nsystemctl stop sshd\nsystemctl start sshd\n\n+-------------------------------------------------------------------------------+\n## AIX\n+-------------------------------------------------------------------------------+\n\nstopsrc -s sshd;sleep 2;startsrc -s sshd",
        "evidencia": "+-------------------------------------------------------------------------------+\n## LINUX / AIX\n+-------------------------------------------------------------------------------+\nclear\ndate\nhostname\n/usr/sbin/sshd -T|grep -i ciphers\ncat /etc/ssh/sshd_config | grep -i ciphers",
        "SO": "Linux / Aix"
    },
    {
        "modulo": "Encryption/MACs MACs",
        "clave": "MACS",
        "descripcion": "\nhmac-sha2-512-etm@openssh.com is not available\nhmac-sha2-256-etm@openssh.com is not available\nhmac-sha2-512 is not available\nhmac-sha2-256 is not available",
        "comprobacion": "## Antes de corregir se debe comprobar que no estén los valores correctos por defecto\n\n+-------------------------------------------------------------------------------+\n## Valor por defecto correcto es : \n## macs umac-64-etm@openssh.com,umac-128-etm@openssh.com,hmac-sha2-256-etm@openssh.com,hmac-sha2-512-etm@openssh.com,hmac-sha1-etm@openssh.com,umac-64@openssh.com,umac-128@openssh.com,hmac-sha2-256,hmac-sha2-512,hmac-sha1\n+-------------------------------------------------------------------------------+\n\n+-------------------------------------------------------------------------------+\n## Muestra el valor por defecto\n+-------------------------------------------------------------------------------+\n\n/usr/sbin/sshd -T|grep -i mac\n\n+-------------------------------------------------------------------------------+\n## Valor definido en el servidor, no debe estar comentado(#), o no debe estar vació\n+-------------------------------------------------------------------------------+\n\ncat /etc/ssh/sshd_config | grep -i mac",
        "copia": "## Obtener usuario logueado:\n\nuser=$(logname)\n\n## LINUX\n+-------------------------------------------------------------------------------+\n## Backup con HOME en MAYÚSCULAS\n+-------------------------------------------------------------------------------+\n\ncp -p /etc/ssh/sshd_config /home/${user^^}/sshd_config_`date +%d%m%y_%T`\n\n+-------------------------------------------------------------------------------+\n## Backup con HOME en minúsculas\n+-------------------------------------------------------------------------------+\n\ncp -p /etc/ssh/sshd_config /home/${user,,}/sshd_config_`date +%d%m%y_%T`\n\n\n## AIX\n+-------------------------------------------------------------------------------+\n## Backup\n+-------------------------------------------------------------------------------+\n\ncp -p /etc/ssh/sshd_config /home/$user/sshd_config_`date +%d%m%y_%T`",
        "editar": "+-------------------------------------------------------------------------------+\n## Añadir estos Macs `hmac-sha2-512-etm@openssh.com`,`hmac-sha2-256-etm@openssh.com`,`hmac-sha2-512`,`hmac-sha2-256`\n## Si existen otros Macs dejarlos, debe estar debajo de los ciphers: \n## MAC`s\n+-------------------------------------------------------------------------------+\n\n+-------------------------------------------------------------------------------+\n## Debe quedar algo asi:\n\nMACs hmac-sha2-512-etm@openssh.com,hmac-sha2-256-etm@openssh.com,hmac-sha2-512,hmac-sha2-256\n+-------------------------------------------------------------------------------+\n\n+-------------------------------------------------------------------------------+\n## Editar\n+-------------------------------------------------------------------------------+\n\nvi /etc/ssh/sshd_config",
        "refrescar": "+-------------------------------------------------------------------------------+\n## LINUX\n+-------------------------------------------------------------------------------+\n\nsystemctl stop sshd\nsystemctl start sshd\n\n+-------------------------------------------------------------------------------+\n## AIX\n+-------------------------------------------------------------------------------+\n\nstopsrc -s sshd;sleep 2;startsrc -s sshd",
        "evidencia": "+-------------------------------------------------------------------------------+\n## LINUX / AIX\n+-------------------------------------------------------------------------------+\nclear\ndate\nhostname\n/usr/sbin/sshd -T|grep -i ciphers\ncat /etc/ssh/sshd_config | grep -i ciphers",
        "SO": "Linux / Aix"
    },
    {
        "modulo": "AV.2.1.1.2 Encryption",
        "clave": "",
        "descripcion": "Cipher aes128-ctr is not available\nCipher aes192-ctr is not available\nCipher aes256-ctr is not available",
        "comprobacion": "## Antes de corregir se debe comprobar que no estén los valores correctos por defecto\n\n+-------------------------------------------------------------------------------+\n## Valor por defecto correcto es : \n## ciphers aes128-ctr,aes192-ctr,aes256-ctr,chacha20-poly1305@openssh.com,aes128-gcm@openssh.com,aes256-gcm@openssh.com\n+-------------------------------------------------------------------------------+\n\n+-------------------------------------------------------------------------------+\n## Muestra el valor por defecto\n+-------------------------------------------------------------------------------+\n\n/usr/sbin/sshd -T|grep -i ciphers\n\n+-------------------------------------------------------------------------------+\n## Valor definido en el servidor, no debe estar comentado(#), o no debe estar vació\n+-------------------------------------------------------------------------------+\n\ncat /etc/ssh/sshd_config | grep -i ciphers",
        "copia": "## Obtener usuario logueado:\n\nuser=$(logname)\n\n## LINUX\n+-------------------------------------------------------------------------------+\n## Backup con HOME en MAYÚSCULAS\n+-------------------------------------------------------------------------------+\n\ncp -p /etc/ssh/sshd_config /home/${user^^}/sshd_config_`date +%d%m%y_%T`\n\n+-------------------------------------------------------------------------------+\n## Backup con HOME en minúsculas\n+-------------------------------------------------------------------------------+\n\ncp -p /etc/ssh/sshd_config /home/${user,,}/sshd_config_`date +%d%m%y_%T`\n\n\n## AIX\n+-------------------------------------------------------------------------------+\n## Backup\n+-------------------------------------------------------------------------------+\n\ncp -p /etc/ssh/sshd_config /home/$user/sshd_config_`date +%d%m%y_%T`",
        "editar": "+-------------------------------------------------------------------------------+\n## Añadir mínimo estos 3 cifrados POR DELANTE, `Ciphers aes128-ctr,aes192-ctr,aes256-ctr`\n## Si existen otros cifrados dejarlos, debe estar debajo de: \n## Ciphers and keying\n+-------------------------------------------------------------------------------+\n\n+-------------------------------------------------------------------------------+\n## Debe quedar algo asi:\n\nCiphers aes128-ctr,aes192-ctr,aes256-ctr,aes128-gcm@openssh.com,aes256-gcm@openssh.com,chacha20-poly1305@openssh.com\n+-------------------------------------------------------------------------------+\n\n+-------------------------------------------------------------------------------+\n## Editar\n+-------------------------------------------------------------------------------+\n\nvi /etc/ssh/sshd_config",
        "refrescar": "+-------------------------------------------------------------------------------+\n## LINUX\n+-------------------------------------------------------------------------------+\n\nsystemctl stop sshd\nsystemctl start sshd\n\n+-------------------------------------------------------------------------------+\n## AIX\n+-------------------------------------------------------------------------------+\n\nstopsrc -s sshd;sleep 2;startsrc -s sshd",
        "evidencia": "+-------------------------------------------------------------------------------+\n## LINUX / AIX\n+-------------------------------------------------------------------------------+\nclear\ndate\nhostname\n/usr/sbin/sshd -T|grep -i ciphers\ncat /etc/ssh/sshd_config | grep -i ciphers",
        "SO": "Linux / Aix"
    },
    {
        "modulo": "Encryption/Deny Ciphers",
        "clave": "DENY",
        "descripcion": "Cipher cast128-cbc should not be used\nCipher 3des-cbc should not be used",
        "comprobacion": "+-------------------------------------------------------------------------------+\n## Para corregir estos desvios\n## Se debe quitar los ciphers `cast128`, `3des`\n\n## Por lo normal estas definidos por defecto, relacionado con el modulo:\n+-------------------------------------------------------------------------------+\n\nEncryption/Permitted Ciphers",
        "copia": null,
        "editar": null,
        "refrescar": null,
        "evidencia": null,
        "SO": "Linux / Aix"
    },
    {
        "modulo": "E.C.1.1.2 Permissions and Ownership",
        "clave": "PATH",
        "descripcion": "The following directories, which are as executable in the root PATH, have write permissions for GROUP, cannot set stickibit for these directories:: directory: /var/ifor, owner/group: bin bin, permission must r-x for group/other, assigned permission is: drwxrwxrwt",
        "comprobacion": "+-------------------------------------------------------------------------------+\n## La escritura de grupo y a other no están permitidos en los directorios del ejecutable $PATH del usuario root.\n## Para todos los directorios, incluidos los directorios padre, listados en $PATH para root\n## Deben cumplir los siguientes controles: \n\n## OTHER y GROUP no debe escribir,  Excepción, /usr/ubc puede tener escritura de grupo.\n## Puede ser propiedad de root o bin.\n+-------------------------------------------------------------------------------+\n\n+-------------------------------------------------------------------------------+\n## Comprobar los permisos y owner, group.\n+-------------------------------------------------------------------------------+\n\nls -ld /var/ifor",
        "copia": null,
        "editar": "+-------------------------------------------------------------------------------+\n## Se debe quitar permisos de escritura a grupo y other\n## No debe tener permisos de sticki bit.\n+-------------------------------------------------------------------------------+\nchmod o-w,g-w /var/ifor\nchmod -t /var/ifor",
        "refrescar": null,
        "evidencia": "clear\ndate\nhostname\nls -ld /var/ifor",
        "SO": "Aix"
    },
    {
        "modulo": "Password Requirements/NULL Passphrase",
        "clave": "IDRSA",
        "descripcion": "Private key $file_idrsa is not encrypted",
        "comprobacion": "+-------------------------------------------------------------------------------+\n## En este tipo de desviaciones, las claves privadas(\"id_rsa\")\n## Deben tener una frase de paso (passphrase) : \"Proc-Type: 4,ENCRYPTED\"\n\n## Puede no tener un passphrase, siempre que la clave_publica(authorized_keys), tenga un FROM.\n+-------------------------------------------------------------------------------+\n\n+-------------------------------------------------------------------------------+\n## Guardamos en la variable, el fichero id_rsa a revisar\n## Antes de seguir, revisar -* ID_RSA *-\n+-------------------------------------------------------------------------------+\n\nfile_id_rsa=\"\"\n\n+-------------------------------------------------------------------------------+\n## Revisamos si tiene una FRASE DE PASO\n## Debe ser solo accesible al owner\n+-------------------------------------------------------------------------------+\n\nls -la $file_id_rsa\ncat $file_id_rsa\n\n## PUEDEN EXISTIR 3 OPCIONES DIFERENTES:\n\n## --> OPCION 1\n+-------------------------------------------------------------------------------+\n## Si el fichero id_rsa es de root, no debe tener un fichero id_rsa.\n## Pasamos directamente a renombrar el fichero id_rsa para owner root.\n## ('SI HAY DUDAS, consultarlo con el tecnico')\n+-------------------------------------------------------------------------------+\n\n## --> OPCION 2\n+-------------------------------------------------------------------------------+\n## Si el fichero id_rsa, pertenece a otro owner o grupo que no sea root.\n## Si es de TIPO /F/S (sistemas / aplicativo)\n## se debe contactar con el owner o grupo del fichero.\n## - Si se va a excepcionar nos deben especificar un RISK e IMPACT.\n\n## - Si se va a corregir.\n## Revisar ('ID_RSA'), antes de cualquier cambio.\n\n## Si es de TIPO /C/ (customer)\n## - Se debe excepcionar.\n## Por favor revisar la sección de RISK e IMPACT.\n+-------------------------------------------------------------------------------+\n\n## --> OPCION 3\n+-------------------------------------------------------------------------------+\n## Si el fichero id_rsa, pertenece a otro owner o grupo que no sea root.\n## Si es de tipo /E/. /I/\n## - Si es una cuenta 'externa' y no existe en el servidor, se puede renombrar.\n## - Si la cuenta existe, se debe notificar al owner de la cuenta.\n\n## Se le debe notificar que se ha renombrado el fichero y que si lo utiliza debe,\n## Crear un fichero id_rsa con una frase de paso (passphrase).  \n## Revisar ('ID_RSA'), antes de cualquier cambio.\n+-------------------------------------------------------------------------------+",
        "copia": "## Obtener usuario logueado:\n\nuser=$(logname)\n\n## LINUX\n+-------------------------------------------------------------------------------+\n## Backup con HOME en MAYÚSCULAS\n+-------------------------------------------------------------------------------+\n\ncp -p $file_idrsa /home/${user^^}/id_rsa_`date +%d%m%y_%T`\n\n+-------------------------------------------------------------------------------+\n## Backup con HOME en minúsculas\n+-------------------------------------------------------------------------------+\n\ncp -p $file_idrsa /home/${user,,}/id_rsa_`date +%d%m%y_%T`\n\n##AIX\n+-------------------------------------------------------------------------------+\n## Backup\n+-------------------------------------------------------------------------------+\ncp -p \"$file_idrsa\" /home/$user/id_rsa_`date +%d%m%y_%T`",
        "editar": "## --> OPCION 1\n##-------------------------------------------------------------------------------\n## Para ficheros id_rsas, con owner root\n##-------------------------------------------------------------------------------\n\nmv /home/root/.ssh/id_rsa /home/root/.ssh/id_rsa.save\n\n\n## --> OPCION 2\n##-------------------------------------------------------------------------------\n## Para otros ficheros id_rsas.\n## De tipo /F/S/.\n## Editar el fichero y añadir el parametro FROM con su HOST remoto o ip.\n##-------------------------------------------------------------------------------\n\nvi $file_idrsa\n\n## --> OPCION 3\n##-------------------------------------------------------------------------------\n## Para otros ficheros id_rsas, sin owner o account externas.\n## De tipo /E/I/\n##-------------------------------------------------------------------------------\n\nmv $file_idrsa $file_idrsa.save",
        "refrescar": null,
        "evidencia": "## --> OPCION 1\n##-------------------------------------------------------------------------------\n## Para ficheros id_rsas, con owner root.\n##-------------------------------------------------------------------------------\nclear\ndate\nhostname\nls -la /home/root/.ssh/id_rsas\nls -la /home/root/.ssh/id_rsas.save\n\n\n## --> OPCION 2\n##-------------------------------------------------------------------------------\n## Para otros ficheros id_rsas.\n## De tipo /F/S/.\n##-------------------------------------------------------------------------------\nclear\ndate\nuname -a\ncat $file_idrsa | grep -i 'ENCRYPTED' \n\n\n## --> OPCION 3\n##-------------------------------------------------------------------------------\n## Para otros ficheros id_rsas, sin owner o account externas.\n## De tipo /E/I/.\n##-------------------------------------------------------------------------------\nclear\ndate\nuname -a\nls -la $file_idrsa\nls -la $file_idrsa.save",
        "SO": "Linux / Aix"
    }
]