[
    {
        "modulo": "Protecting Resources-OSRs/Log File Restrictions",
        "clave": "WTMP",
        "descripcion": "Invalid Permissions or Ownership for log file: /var/log/wtmp;   -rw-rw-r--.;  owner:  root;   group:  utmp. For more information see rule description.",
        "comprobacion": "## Se le debe quitar W al grupo.",
        "copia": "",
        "editar": "+-------------------------------------------------------------------------------+\n## Quitar permisos\n+-------------------------------------------------------------------------------+\n\nchmod g-w /var/log/wtmp\n\n+-------------------------------------------------------------------------------+\n## Dejar esta linea para REHL 7:\n+-------------------------------------------------------------------------------+\n\n## Editar:\n\nvi /lib/tmpfiles.d/var.conf\n\n## Debe quedar la linea asi:\n\nf /var/log/wtmp 0644 root utmp -\n\n+-------------------------------------------------------------------------------+\n## Dejar esta linea para REHL 6\n+-------------------------------------------------------------------------------+\n\n## Editar:\n\nvi /etc/rc.sysinit\n\n## Dejar la linea asi:\n\nchmod 0644 /var/run/utmp /var/log/wtmp",
        "refrescar": "",
        "evidencia": "clear\ndate\nhostname\nls -la /var/log/wtmp\ncat /lib/tmpfiles.d/var.conf | grep -w wtmp",
        "SO": "Linux"
    },
    {
        "modulo": "Protecting Resources-mixed/Ensure sticky bit is set on all world-writable directories",
        "clave": "STICKY",
        "descripcion": "Sticky bit is not set on world-writable directory: $directory",
        "comprobacion": "+-------------------------------------------------------------------------------+\n## Hay que tener en cuenta el tipo de owner que pertenece, cada directorio / RAIZ.\n+-------------------------------------------------------------------------------+\n\n+-------------------------------------------------------------------------------+\n## Ya sea de tipo '/C/F/S'\n+-------------------------------------------------------------------------------+\n\n+-------------------------------------------------------------------------------+\n## Si es /C/, se pasa a excepcion con RISK e IMPACT\n## por favor revisar la seccion de RISK e IMPACT\n+-------------------------------------------------------------------------------+\n\n+-------------------------------------------------------------------------------+\n## Si es de tipo /F/S/, se debe preguntar al owner, si podemos modificar los permisos\n## Revisar ('DIRECTORY'), antes de cualquier cambio.\n+-------------------------------------------------------------------------------+\n\n+-------------------------------------------------------------------------------+\n## Guardamos en la variable, el directorio a revisar\n+-------------------------------------------------------------------------------+\n\ndirectory=\"\"",
        "copia": "",
        "editar": "+-------------------------------------------------------------------------------+\n## Se puede quitar de forma 'recursiva' o por 'individual'\n## $directory : es la variable del directorio raiz a cambiar permisos.\n+-------------------------------------------------------------------------------+\n\n+-------------------------------------------------------------------------------+\n## Asi quitamos de permisos de W a Other, en los directorios('recursivo'):\n+-------------------------------------------------------------------------------+\n\nfind $directory -type d -perm -o=w -exec chmod o-w {} +\n\n+-------------------------------------------------------------------------------+\n## Asi quitamos de permisos de W a Other, en los ficheros('recursivo'):\n+-------------------------------------------------------------------------------+\n\nfind $directory -type f -perm -o=w -exec chmod o-w {} +\n\n+-------------------------------------------------------------------------------+\n## Asi quitamos permisos, de W a other de forma('individual'):\n+-------------------------------------------------------------------------------+\n\nchmod o-w $directory",
        "refrescar": "",
        "evidencia": "+-------------------------------------------------------------------------------+\n## De forma ('recursiva'):\n+-------------------------------------------------------------------------------+\n\nclear\ndate\nhostname\nfind $directory -type d -perm -o=wx | wc -l\nfind $directory -type f -perm -o=wx | wc -l\nls -ld $directory\n\n+-------------------------------------------------------------------------------+\n## De forma('individual'):\n+-------------------------------------------------------------------------------+\n\nclear\ndate\nhostname\nls -ld $directory",
        "SO": "Linux"
    }
]