{
  "AFB": [
    {
      "object": "",
      "owner": "",
      "tipo": "",
      "ownerGroup": "",
      "user": [
        ""
      ],
      "code": "",
      "servers": [
        ""
      ],
      "risk": "",
      "impact": "",
      "variable": [
        "directory=\"\""
      ],
      "SO": ""
    }
  ],
  "ASISA": [
    {
      "object": "",
      "owner": "",
      "tipo": "",
      "ownerGroup": "",
      "user": [
        ""
      ],
      "code": "",
      "servers": [
        ""
      ],
      "risk": "",
      "impact": "",
      "variable": [
        "directory=\"\""
      ],
      "SO": "Linux"
    }
  ],
  "CESCE": [
    {
      "object": "",
      "owner": "",
      "tipo": "",
      "ownerGroup": "",
      "user": [
        ""
      ],
      "code": "",
      "servers": [
        ""
      ],
      "risk": "",
      "impact": "",
      "variable": [
        "directory=\"\""
      ],
      "SO": "Linux"
    }
  ],
  "CTTI": [
    {
      "object": "",
      "owner": "",
      "tipo": "",
      "ownerGroup": "",
      "user": [
        ""
      ],
      "code": "",
      "servers": [
        ""
      ],
      "risk": "",
      "impact": "",
      "variable": [
        "directory=\"\""
      ],
      "SO": "Linux"
    }
  ],
  "ENEL": [
    {
      "object": "",
      "owner": "",
      "tipo": "",
      "ownerGroup": "",
      "user": [
        ""
      ],
      "code": "",
      "servers": [
        ""
      ],
      "risk": "",
      "impact": "",
      "variable": [
        "directory=\"\""
      ],
      "SO": "Linux"
    }
  ],
  "EUROFRED": [
    {
      "object": "",
      "owner": "",
      "tipo": "",
      "ownerGroup": "",
      "user": [
        ""
      ],
      "code": "",
      "servers": [
        ""
      ],
      "risk": "",
      "impact": "",
      "variable": [
        "directory=\"\""
      ],
      "SO": "Linux"
    }
  ],
  "INFRA": [
    {
      "object": "/home/ess01012/RHEL/",
      "owner": "ess01012",
      "tipo": "/E/",
      "ownerGroup": "PHC",
      "user": [
        "Barbeito Zaldua, Idoia"
      ],
      "code": "1-OK",
      "servers": [
        "ALL servers"
      ],
      "risk": "",
      "impact": "",
      "variable": [
        "directory=\"/home/ess01012/RHEL/\""
      ],
      "SO": "Linux"
    },
    {
      "object": "/tmp/javasharedresources/",
      "owner": "was",
      "tipo": "/S/",
      "ownerGroup": "EBH",
      "user": [
        "Silvia Pereira",
        "Alfonso Marcos Tarancon",
        "Almudena Outeda Rodríguez"
      ],
      "code": "1-OK",
      "servers": [
        "ALL servers"
      ],
      "risk": "",
      "impact": "",
      "variable": [
        "directory=\"/tmp/javasharedresources/\""
      ],
      "SO": "Linux"
    }
  ],
  "LBK": [
    {
      "object": "/BDistribuido/",
      "owner": "root",
      "tipo": "/F/",
      "ownerGroup": "Sistemas",
      "user": [
        ""
      ],
      "code": "1-OK",
      "servers": [
        "ALL servers"
      ],
      "risk": "",
      "impact": "",
      "variable": [
        "directory=\"/BDistribuido/\""
      ],
      "SO": "Linux"
    },
    {
      "object": "/BDistribuidoBatchDESA/",
      "owner": "root",
      "tipo": "/F/",
      "ownerGroup": "Sistemas",
      "user": [
        ""
      ],
      "code": "1-OK",
      "servers": [
        "ALL servers"
      ],
      "risk": "",
      "impact": "",
      "variable": [
        "directory=\"/BDistribuidoBatchDESA/\""
      ],
      "SO": "Linux"
    },
    {
      "object": "/BDistribuidoWf/",
      "owner": "root",
      "tipo": "/F/",
      "ownerGroup": "Sistemas",
      "user": [
        ""
      ],
      "code": "1-OK",
      "servers": [
        "ALL servers"
      ],
      "risk": "",
      "impact": "",
      "variable": [
        "directory=\"/BDistribuidoWf/\""
      ],
      "SO": "Linux"
    },
    {
      "object": "/BDistribuidoWfPRE/",
      "owner": "root",
      "tipo": "/F/",
      "ownerGroup": "Sistemas",
      "user": [
        ""
      ],
      "code": "1-OK",
      "servers": [
        "ALL servers"
      ],
      "risk": "",
      "impact": "",
      "variable": [
        "directory=\"/BDistribuidoWfPRE/\""
      ],
      "SO": "Linux"
    },
    {
      "object": "/appsrv/",
      "owner": "nodejs",
      "tipo": "/C/",
      "ownerGroup": "CUSTOMER",
      "user": [
        ""
      ],
      "code": "2-DOC",
      "servers": [
        "ALL servers"
      ],
      "risk": "GENERICO",
      "impact": "GENERICO",
      "variable": [
        ""
      ],
      "SO": "Linux"
    },
    {
      "object": "/appsrv/LBK_ARQ_SPA_5_SERVER_COUCH/",
      "owner": "nodejs",
      "tipo": "/C/",
      "ownerGroup": "CUSTOMER",
      "user": [
        ""
      ],
      "code": "2-DOC",
      "servers": [
        "ALL servers"
      ],
      "risk": "GENERICO",
      "impact": "GENERICO",
      "variable": [
        ""
      ],
      "SO": "Linux"
    },
    {
      "object": "/home/ESY9E1L3/RHEL/",
      "owner": "esy9e1l3",
      "tipo": "/E/",
      "ownerGroup": "Phc-Unix",
      "user": [
        "AGUSTIN, PRADO FERNANDEZ"
      ],
      "code": "1-OK",
      "servers": [
        "ALL servers"
      ],
      "risk": "",
      "impact": "",
      "variable": [
        "directory=\"/home/ESY9E1L3/RHEL/\""
      ],
      "SO": "Linux"
    },
    {
      "object": "/appsrv/LIBERBANK.PROYECTO/",
      "owner": "nodejs",
      "tipo": "/C/",
      "ownerGroup": "Customer",
      "user": [
        "Customer"
      ],
      "code": "2-DOC",
      "servers": [
        "ALL servers"
      ],
      "risk": "GENERICO",
      "impact": "GENERICO",
      "variable": [
        ""
      ],
      "SO": "Linux"
    },
    {
      "object": "/appsrv/finametrix/",
      "owner": "nodejs",
      "tipo": "/C/",
      "ownerGroup": "Customer",
      "user": [
        "Customer"
      ],
      "code": "2-DOC",
      "servers": [
        "ALL servers"
      ],
      "risk": "GENERICO",
      "impact": "GENERICO",
      "variable": [
        ""
      ],
      "SO": "Linux"
    },
    {
      "object": "/tmp/gts-ansible/",
      "owner": "lbkuxat2",
      "tipo": "/S/",
      "ownerGroup": "CACF",
      "user": [
        "Grupo de Sistemas"
      ],
      "code": "1-OK",
      "servers": [
        "ALL servers"
      ],
      "risk": "",
      "impact": "",
      "variable": [
        "directory=\"/tmp/gts-ansible/\""
      ],
      "SO": "Linux"
    },
    {
      "object": "/tmp/gts-ansible/uidext_endpoint_7057770/",
      "owner": "lbkuxat2",
      "tipo": "/S/",
      "ownerGroup": "CACF",
      "user": [
        "Grupo de Sistemas"
      ],
      "code": "1-OK",
      "servers": [
        "ALL servers"
      ],
      "risk": "",
      "impact": "",
      "variable": [
        "fileTMP=\"/tmp/gts-ansible/uidext_endpoint_7057770/\"",
        "directory=\"/tmp/gts-ansible/uidext_endpoint_7057770/\""
      ],
      "SO": "Linux"
    }
  ],
  "FT": [
    {
      "object": "/tmp/",
      "owner": "root",
      "tipo": "/F/",
      "ownerGroup": "Sistemas",
      "user": [
        "Grupo de Sistemas"
      ],
      "code": "2-DOC",
      "servers": [
        "ALL servers"
      ],
      "risk": "GENERICO / OSR TMP / FT",
      "impact": "GENERICO / OSR TMP / FT",
      "variable": [
        "Directorios, sub-directorios y ficheros, no se pueden editar permisos, sin authorizacion"
      ],
      "SO": "Linux"
    },
    {
      "object": "/tmp/gts-ansible/",
      "owner": "aotipat1",
      "tipo": "/S/",
      "ownerGroup": "CACF",
      "user": [
        "Grupo de Sistemas"
      ],
      "code": "2-DOC",
      "servers": [
        "ALL servers"
      ],
      "risk": "GENERICO / OSR TMP / FT",
      "impact": "GENERICO / OSR TMP / FT",
      "variable": [
        "Directorios, sub-directorios y ficheros, no se pueden editar permisos, sin authorizacion"
      ],
      "SO": "Linux"
    },
    {
      "object": "/ogg_mdg/",
      "owner": "ogg_mdg",
      "tipo": "/C/",
      "ownerGroup": "Customer",
      "user": [
        ""
      ],
      "code": "2-DOC",
      "servers": [
        "ALL servers"
      ],
      "risk": "GENERICO / STICKY / CUSTOMER",
      "impact": "GENERICO / STICKY / CUSTOMER",
      "variable": [
        ""
      ],
      "SO": "Linux"
    },
    {
      "object": "/op_sigma/",
      "owner": "ap_opsig",
      "tipo": "/C/",
      "ownerGroup": "Customer",
      "user": [
        "Customer"
      ],
      "code": "2-DOC",
      "servers": [
        "ALL servers"
      ],
      "risk": "GENERICO / STICKY / CUSTOMER",
      "impact": "GENERICO / STICKY / CUSTOMER",
      "variable": [
        ""
      ],
      "SO": "Linux"
    },
    {
      "object": "/var/ibm/",
      "owner": "bin",
      "tipo": "/S/",
      "ownerGroup": "Sistemas",
      "user": [
        "Sistemas"
      ],
      "code": "1-OK",
      "servers": [
        "ALL servers"
      ],
      "risk": "",
      "impact": "",
      "variable": [
        "directory=\"/var/ibm/\""
      ],
      "SO": "Linux"
    },
    {
      "object": "/var/",
      "owner": "root",
      "tipo": "/F/",
      "ownerGroup": "Sistemas",
      "user": [
        "Sistemas"
      ],
      "code": "1-OK",
      "servers": [
        "ALL servers"
      ],
      "risk": "",
      "impact": "",
      "variable": [
        "fileVAR=\"/var/\""
      ],
      "SO": "Linux"
    },
    {
      "object": "/opt/IBM/ITM/lx8266/08/bin/",
      "owner": "root",
      "tipo": "/F/",
      "ownerGroup": "Sistemas",
      "user": [
        "Sistemas"
      ],
      "code": "1-OK",
      "servers": [
        "ALL servers"
      ],
      "risk": "",
      "impact": "",
      "variable": [
        "fileOPT=\"/opt/IBM/ITM/lx8266/08/bin/\""
      ],
      "SO": "Linux"
    },
    {
      "object": "/opt/tivoli/tsm/client/",
      "owner": "root",
      "tipo": "/F/",
      "ownerGroup": "Sistemas",
      "user": [
        "Sistemas"
      ],
      "code": "1-OK",
      "servers": [
        "ALL servers"
      ],
      "risk": "",
      "impact": "",
      "variable": [
        "directory=\"/opt/tivoli/tsm/client/\""
      ],
      "SO": "Linux"
    },
    {
      "object": "/opt/tivoli/tsm/client/api/bin64/",
      "owner": "root",
      "tipo": "/F/",
      "ownerGroup": "Sistemas",
      "user": [
        "Sistemas"
      ],
      "code": "1-OK",
      "servers": [
        "ALL servers"
      ],
      "risk": "",
      "impact": "",
      "variable": [
        "fileOPT=\"/opt/tivoli/tsm/client/api/bin64/\""
      ],
      "SO": "Linux"
    },
    {
      "object": "/opt/tivoli/tsm/client/oracle/_uninstall/",
      "owner": "root",
      "tipo": "/F/",
      "ownerGroup": "Sistemas",
      "user": [
        "Sistemas"
      ],
      "code": "1-OK",
      "servers": [
        "ALL servers"
      ],
      "risk": "",
      "impact": "",
      "variable": [
        "fileOPT=\"/opt/tivoli/tsm/client/oracle/_uninstall/\""
      ],
      "SO": "Linux"
    },
    {
      "object": "/etc/mount-dbfs.conf",
      "owner": "oracle",
      "tipo": "/F/",
      "ownerGroup": "Administrador de ORACLE",
      "user": [
        "ORACLE"
      ],
      "code": "2-DOC",
      "servers": [
        "ALL servers"
      ],
      "risk": "GENERICO / OSR ETC / FT",
      "impact": "GENERICO / OSR ETC / FT",
      "variable": [
        ""
      ],
      "SO": "Linux"
    },
    {
      "object": "/etc/mount-dbfs_ogg_mdg.conf",
      "owner": "oracle",
      "tipo": "/F/",
      "ownerGroup": "Administrador de ORACLE",
      "user": [
        "ORACLE"
      ],
      "code": "2-DOC",
      "servers": [
        "ALL servers"
      ],
      "risk": "GENERICO / OSR ETC / FT",
      "impact": "GENERICO / OSR ETC / FT",
      "variable": [
        ""
      ],
      "SO": "Linux"
    },
    {
      "object": "/etc/oracle/",
      "owner": "oracle",
      "tipo": "/F/",
      "ownerGroup": "Administrador de ORACLE",
      "user": [
        "ORACLE"
      ],
      "code": "2-DOC",
      "servers": [
        "ALL servers"
      ],
      "risk": "GENERICO / OSR ETC / FT",
      "impact": "GENERICO / OSR ETC / FT",
      "variable": [
        ""
      ],
      "SO": "Linux"
    },
    {
      "object": "/etc/oragchomelist",
      "owner": "oracle",
      "tipo": "/F/",
      "ownerGroup": "Administrador de ORACLE",
      "user": [
        "ORACLE"
      ],
      "code": "2-DOC",
      "servers": [
        "ALL servers"
      ],
      "risk": "GENERICO / OSR ETC / FT",
      "impact": "GENERICO / OSR ETC / FT",
      "variable": [
        ""
      ],
      "SO": "Linux"
    },
    {
      "object": "/etc/oratab",
      "owner": "oracle",
      "tipo": "/F/",
      "ownerGroup": "Administrador de ORACLE",
      "user": [
        "ORACLE"
      ],
      "code": "2-DOC",
      "servers": [
        "ALL servers"
      ],
      "risk": "GENERICO / OSR ETC / FT",
      "impact": "GENERICO / OSR ETC / FT",
      "variable": [
        ""
      ],
      "SO": "Linux"
    },
    {
      "object": "/etc/adsm/",
      "owner": "root",
      "tipo": "/F/",
      "ownerGroup": "Sistemas",
      "user": [
        "Sistemas"
      ],
      "code": "1-OK",
      "servers": [
        "ALL servers"
      ],
      "risk": "",
      "impact": "",
      "variable": [
        "directory=\"/etc/adsm/\"",
        "usuario=\"\"",
        "grupo=\"\""
      ],
      "SO": "Linux"
    }
  ],
  "IDISO": [
    {
      "object": "",
      "owner": "",
      "tipo": "",
      "ownerGroup": "",
      "user": [
        ""
      ],
      "code": "",
      "servers": [
        ""
      ],
      "risk": "",
      "impact": "",
      "variable": [
        "directory=\"\""
      ],
      "SO": "Linux"
    }
  ],
  "PLANETA": [
    {
      "object": "",
      "owner": "",
      "tipo": "",
      "ownerGroup": "",
      "user": [
        ""
      ],
      "code": "",
      "servers": [
        ""
      ],
      "risk": "",
      "impact": "",
      "variable": [
        "directory=\"\""
      ],
      "SO": "Linux"
    }
  ],
  "SERVIHABITAT": [
    {
      "object": "",
      "owner": "",
      "tipo": "",
      "ownerGroup": "",
      "user": [
        ""
      ],
      "code": "",
      "servers": [
        ""
      ],
      "risk": "",
      "impact": "",
      "variable": [
        "directory=\"\""
      ],
      "SO": "Linux"
    }
  ]
}