{
  "AFB": [
    {
      "directory": "/opt/IBM/AFB1/",
      "owner": "ownerAFB1",
      "tipo": "tipoAFB1",
      "ownerGroup": "groupAFB1",
      "user": [
        "User1",
        "User2"
      ],
      "code": "1-OK",
      "servers": [
        "ALL servers"
      ],
      "risk": "GENERICO",
      "impact": "GENERICO",
      "variable": [
        "directory=\"/opt/IBM/AFB1/\""
      ]
    },
    {
      "directory": "/opt/IBM/AFB2/",
      "owner": "ownerAFB2",
      "tipo": "tipoAFB2",
      "ownerGroup": "groupAFB2",
      "user": [
        "User1",
        "User2"
      ],
      "code": "1-OK",
      "servers": [
        "ALL servers"
      ],
      "risk": "GENERICO",
      "impact": "GENERICO",
      "variable": [
        "directory=\"/opt/IBM/AFB2/\""
      ]
    }
  ],
  "ASISA": [
    {
      "directory": "/opt/IBM/ASISA1/",
      "owner": "ownerASISA1",
      "tipo": "tipoASISA1",
      "ownerGroup": "groupASISA1",
      "user": [
        "User1",
        "User2"
      ],
      "code": "1-OK",
      "servers": [
        "ALL servers"
      ],
      "risk": "GENERICO",
      "impact": "GENERICO",
      "variable": [
        "directory=\"/opt/IBM/ASISA1/\""
      ]
    },
    {
      "directory": "/opt/IBM/ASISA2/",
      "owner": "ownerASISA2",
      "tipo": "tipoASISA2",
      "ownerGroup": "groupASISA2",
      "user": [
        "User1",
        "User2"
      ],
      "code": "1-OK",
      "servers": [
        "ALL servers"
      ],
      "risk": "GENERICO",
      "impact": "GENERICO",
      "variable": [
        "directory=\"/opt/IBM/ASISA2/\""
      ]
    }
  ],
  "INFRA": [
    {
      "directory": "/home/ess01012/RHEL/",
      "owner": "ess01012",
      "tipo": "/E/",
      "ownerGroup": "PHC",
      "user": [
        "Barbeito Zaldua, Idoia"
      ],
      "code": "1-OK",
      "servers": [
        "ALL servers"
      ],
      "risk": "",
      "impact": "",
      "variable": [
        "directory=\"/home/ess01012/RHEL/\""
      ]
    },
    {
      "directory": "",
      "owner": "",
      "tipo": "",
      "ownerGroup": "",
      "user": [
        ""
      ],
      "code": "1-OK",
      "servers": [
        "ALL servers"
      ],
      "risk": "",
      "impact": "",
      "variable": [
        "directory=\"\""
      ]
    }
  ],
  "LBK": [
    {
      "directory": "/BDistribuido/",
      "owner": "root",
      "tipo": "/F/",
      "ownerGroup": "Sistemas",
      "user": [
        ""
      ],
      "code": "1-OK",
      "servers": [
        "ALL servers"
      ],
      "risk": "",
      "impact": "",
      "variable": [
        "directory=\"/BDistribuido/\""
      ]
    },
    {
      "directory": "/BDistribuidoBatchDESA/",
      "owner": "root",
      "tipo": "/F/",
      "ownerGroup": "Sistemas",
      "user": [
        ""
      ],
      "code": "1-OK",
      "servers": [
        "ALL servers"
      ],
      "risk": "",
      "impact": "",
      "variable": [
        "directory=\"/BDistribuidoBatchDESA/\""
      ]
    },
    {
      "directory": "/BDistribuidoWf/",
      "owner": "root",
      "tipo": "/F/",
      "ownerGroup": "Sistemas",
      "user": [
        ""
      ],
      "code": "1-OK",
      "servers": [
        "ALL servers"
      ],
      "risk": "",
      "impact": "",
      "variable": [
        "directory=\"/BDistribuidoWf/\""
      ]
    },
    {
      "directory": "/BDistribuidoWfPRE/",
      "owner": "root",
      "tipo": "/F/",
      "ownerGroup": "Sistemas",
      "user": [
        ""
      ],
      "code": "1-OK",
      "servers": [
        "ALL servers"
      ],
      "risk": "",
      "impact": "",
      "variable": [
        "directory=\"/BDistribuidoWfPRE/\""
      ]
    },
    {
      "directory": "/appsrv/",
      "owner": "nodejs",
      "tipo": "/C/",
      "ownerGroup": "Group Customer",
      "user": [
        ""
      ],
      "code": "2-DOC",
      "servers": [
        "ALL servers"
      ],
      "risk": "GENERICO",
      "impact": "GENERICO",
      "variable": [
        ""
      ]
    },
    {
      "directory": "/appsrv/LBK_ARQ_SPA_5_SERVER_COUCH/",
      "owner": "nodejs",
      "tipo": "/C/",
      "ownerGroup": "Group Customer",
      "user": [
        ""
      ],
      "code": "2-DOC",
      "servers": [
        "ALL servers"
      ],
      "risk": "GENERICO",
      "impact": "GENERICO",
      "variable": [
        ""
      ]
    },
    {
      "directory": "",
      "owner": "---",
      "tipo": "/C/",
      "ownerGroup": "Group Customer",
      "user": [
        ""
      ],
      "code": "2-DOC",
      "servers": [
        "ALL servers"
      ],
      "risk": "GENERICO",
      "impact": "GENERICO",
      "variable": [
        ""
      ]
    }
  ]
}