{
  "AFB": [
    {
      "object": "/opt/IBM/AFB1/",
      "owner": "ownerAFB1",
      "tipo": "tipoAFB1",
      "ownerGroup": "groupAFB1",
      "user": [
        "User1",
        "User2"
      ],
      "code": "1-OK",
      "servers": [
        "ALL servers", "ILL SERVER"
      ],
      "risk": "GENERICO2AFB",
      "impact": "GENERICOAFB",
      "variable": [
        "directory=\"/opt/IBM/AFB1/\""
      ],
      "SO": "Linux"
    },
    {
      "object": "/opt/IBM/AFB2/",
      "owner": "ownerAFB2",
      "tipo": "tipoAFB2",
      "ownerGroup": "groupAFB2",
      "user": [
        "User1",
        "User2"
      ],
      "code": "1-OK",
      "servers": [
        "ALL servers"
      ],
      "risk": "GENERICO",
      "impact": "GENERICO",
      "variable": [
        "directory=\"/opt/IBM/AFB2/\""
      ],
      "SO": "Linux"
    }
  ],
  "ASISA": [
    {
      "object": "/opt/IBM/ASISA1/",
      "owner": "ownerASISA1",
      "tipo": "tipoASISA1",
      "ownerGroup": "groupASISA1",
      "user": [
        "User1",
        "User2"
      ],
      "code": "1-OK",
      "servers": [
        "ALL servers"
      ],
      "risk": "GENERICO",
      "impact": "GENERICO",
      "variable": [
        "directory=\"/opt/IBM/ASISA1/\""
      ],
      "SO": "Linux"
    },
    {
      "object": "/opt/IBM/ASISA2/",
      "owner": "ownerASISA2",
      "tipo": "tipoASISA2",
      "ownerGroup": "groupASISA2",
      "user": [
        "User1",
        "User2"
      ],
      "code": "1-OK",
      "servers": [
        "ALL servers"
      ],
      "risk": "GENERICO",
      "impact": "GENERICO",
      "variable": [
        "directory=\"/opt/IBM/ASISA2/\""
      ],
      "SO": "Linux"
    }
  ],
  "INFRA": [
    {
      "object": "/home/ess01012/RHEL/",
      "owner": "ess01012",
      "tipo": "/E/",
      "ownerGroup": "PHC",
      "user": [
        "Barbeito Zaldua, Idoia"
      ],
      "code": "1-OK",
      "servers": [
        "ALL servers"
      ],
      "risk": "",
      "impact": "",
      "variable": [
        "directory=\"/home/ess01012/RHEL/\""
      ],
      "SO": "Linux"
    },
    {
      "object": "/tmp/javasharedresources/",
      "owner": "was",
      "tipo": "/S/",
      "ownerGroup": "EBH",
      "user": [
        "Group EBH"
      ],
      "code": "1-OK",
      "servers": [
        "ALL servers"
      ],
      "risk": "",
      "impact": "",
      "variable": [
        "directory=\"/tmp/javasharedresources/\""
      ],
      "SO": "Linux"
    }
  ],
  "LBK": [
    {
      "object": "/BDistribuido/",
      "owner": "root",
      "tipo": "/F/",
      "ownerGroup": "Sistemas",
      "user": [
        ""
      ],
      "code": "1-OK",
      "servers": [
        "ALL servers"
      ],
      "risk": "",
      "impact": "",
      "variable": [
        "directory=\"/BDistribuido/\""
      ],
      "SO": "Linux"
    },
    {
      "object": "/BDistribuidoBatchDESA/",
      "owner": "root",
      "tipo": "/F/",
      "ownerGroup": "Sistemas",
      "user": [
        ""
      ],
      "code": "1-OK",
      "servers": [
        "ALL servers"
      ],
      "risk": "",
      "impact": "",
      "variable": [
        "directory=\"/BDistribuidoBatchDESA/\""
      ],
      "SO": "Linux"
    },
    {
      "object": "/BDistribuidoWf/",
      "owner": "root",
      "tipo": "/F/",
      "ownerGroup": "Sistemas",
      "user": [
        ""
      ],
      "code": "1-OK",
      "servers": [
        "ALL servers"
      ],
      "risk": "",
      "impact": "",
      "variable": [
        "directory=\"/BDistribuidoWf/\""
      ],
      "SO": "Linux"
    },
    {
      "object": "/BDistribuidoWfPRE/",
      "owner": "root",
      "tipo": "/F/",
      "ownerGroup": "Sistemas",
      "user": [
        ""
      ],
      "code": "1-OK",
      "servers": [
        "ALL servers"
      ],
      "risk": "",
      "impact": "",
      "variable": [
        "directory=\"/BDistribuidoWfPRE/\""
      ],
      "SO": "Linux"
    },
    {
      "object": "/appsrv/",
      "owner": "nodejs",
      "tipo": "/C/",
      "ownerGroup": "CUSTOMER",
      "user": [
        ""
      ],
      "code": "2-DOC",
      "servers": [
        "ALL servers"
      ],
      "risk": "GENERICO",
      "impact": "GENERICO",
      "variable": [
        ""
      ],
      "SO": "Linux"
    },
    {
      "object": "/appsrv/LBK_ARQ_SPA_5_SERVER_COUCH/",
      "owner": "nodejs",
      "tipo": "/C/",
      "ownerGroup": "CUSTOMER",
      "user": [
        ""
      ],
      "code": "2-DOC",
      "servers": [
        "ALL servers"
      ],
      "risk": "GENERICO",
      "impact": "GENERICO",
      "variable": [
        ""
      ],
      "SO": "Linux"
    },
    {
      "object": "/home/ESY9E1L3/RHEL",
      "owner": "esy9e1l3",
      "tipo": "/E/",
      "ownerGroup": "",
      "user": [
        ""
      ],
      "code": "1-OK",
      "servers": [
        "ALL servers"
      ],
      "risk": "",
      "impact": "",
      "variable": [
        "directory=\"/home/ESY9E1L3/RHEL\""
      ],
      "SO": "Linux"
    }
  ],
  "FT": [
    {
      "object": "/tmp/gts-ansible/uidext_endpoint_6760218",
      "owner": "aotipat1",
      "tipo": "/S/",
      "ownerGroup": "*EAUXOS/",
      "user": [
        ""
      ],
      "code": "1-OK",
      "servers": [
        "ALL servers"
      ],
      "risk": "",
      "impact": "",
      "variable": [
        "directory=\"/tmp/gts-ansible/uidext_endpoint_6760218\""
      ],
      "SO": "Linux"
    }
  ]
}